{
  "fieldFormatMap": "{\"@timestamp\":{\"id\":\"date\"}}",
  "fields": "[{\"aggregatable\":true,\"analyzed\":false,\"count\":0,\"doc_values\":true,\"indexed\":true,\"name\":\"read_timestamp\",\"scripted\":false,\"searchable\":true,\"type\":\"string\"},{\"aggregatable\":true,\"analyzed\":false,\"count\":0,\"doc_values\":true,\"indexed\":true,\"name\":\"coredump.unit\",\"scripted\":false,\"searchable\":true,\"type\":\"string\"},{\"aggregatable\":true,\"analyzed\":false,\"count\":0,\"doc_values\":true,\"indexed\":true,\"name\":\"coredump.user_unit\",\"scripted\":false,\"searchable\":true,\"type\":\"string\"},{\"aggregatable\":true,\"analyzed\":false,\"count\":0,\"doc_values\":true,\"indexed\":true,\"name\":\"journald.object.audit.login_uid\",\"scripted\":false,\"searchable\":true,\"type\":\"number\"},{\"aggregatable\":true,\"analyzed\":false,\"count\":0,\"doc_values\":true,\"indexed\":true,\"name\":\"journald.object.audit.session\",\"scripted\":false,\"searchable\":true,\"type\":\"number\"},{\"aggregatable\":true,\"analyzed\":false,\"count\":0,\"doc_values\":true,\"indexed\":true,\"name\":\"journald.object.cmd\",\"scripted\":false,\"searchable\":true,\"type\":\"string\"},{\"aggregatable\":true,\"analyzed\":false,\"count\":0,\"doc_values\":true,\"indexed\":true,\"name\":\"journald.object.name\",\"scripted\":false,\"searchable\":true,\"type\":\"string\"},{\"aggregatable\":true,\"analyzed\":false,\"count\":0,\"doc_values\":true,\"indexed\":true,\"name\":\"journald.object.executable\",\"scripted\":false,\"searchable\":true,\"type\":\"string\"},{\"aggregatable\":true,\"analyzed\":false,\"count\":0,\"doc_values\":true,\"indexed\":true,\"name\":\"journald.object.uid\",\"scripted\":false,\"searchable\":true,\"type\":\"number\"},{\"aggregatable\":true,\"analyzed\":false,\"count\":0,\"doc_values\":true,\"indexed\":true,\"name\":\"journald.object.gid\",\"scripted\":false,\"searchable\":true,\"type\":\"number\"},{\"aggregatable\":true,\"analyzed\":false,\"count\":0,\"doc_values\":true,\"indexed\":true,\"name\":\"journald.object.pid\",\"scripted\":false,\"searchable\":true,\"type\":\"number\"},{\"aggregatable\":true,\"analyzed\":false,\"count\":0,\"doc_values\":true,\"indexed\":true,\"name\":\"journald.object.systemd.owner_uid\",\"scripted\":false,\"searchable\":true,\"type\":\"number\"},{\"aggregatable\":true,\"analyzed\":false,\"count\":0,\"doc_values\":true,\"indexed\":true,\"name\":\"journald.object.systemd.session\",\"scripted\":false,\"searchable\":true,\"type\":\"string\"},{\"aggregatable\":true,\"analyzed\":false,\"count\":0,\"doc_values\":true,\"indexed\":true,\"name\":\"journald.object.systemd.unit\",\"scripted\":false,\"searchable\":true,\"type\":\"string\"},{\"aggregatable\":true,\"analyzed\":false,\"count\":0,\"doc_values\":true,\"indexed\":true,\"name\":\"journald.object.systemd.user_unit\",\"scripted\":false,\"searchable\":true,\"type\":\"string\"},{\"aggregatable\":true,\"analyzed\":false,\"count\":0,\"doc_values\":true,\"indexed\":true,\"name\":\"journald.kernel.device\",\"scripted\":false,\"searchable\":true,\"type\":\"string\"},{\"aggregatable\":true,\"analyzed\":false,\"count\":0,\"doc_values\":true,\"indexed\":true,\"name\":\"journald.kernel.subsystem\",\"scripted\":false,\"searchable\":true,\"type\":\"string\"},{\"aggregatable\":false,\"analyzed\":false,\"count\":0,\"doc_values\":true,\"indexed\":true,\"name\":\"journald.kernel.device_symlinks\",\"scripted\":false,\"searchable\":true,\"type\":\"string\"},{\"aggregatable\":false,\"analyzed\":false,\"count\":0,\"doc_values\":true,\"indexed\":true,\"name\":\"journald.kernel.device_node_path\",\"scripted\":false,\"searchable\":true,\"type\":\"string\"},{\"aggregatable\":false,\"analyzed\":false,\"count\":0,\"doc_values\":true,\"indexed\":true,\"name\":\"journald.kernel.device_name\",\"scripted\":false,\"searchable\":true,\"type\":\"string\"},{\"aggregatable\":false,\"analyzed\":false,\"count\":0,\"doc_values\":true,\"indexed\":true,\"name\":\"journald.code.file\",\"scripted\":false,\"searchable\":true,\"type\":\"string\"},{\"aggregatable\":false,\"analyzed\":false,\"count\":0,\"doc_values\":true,\"indexed\":true,\"name\":\"journald.code.function\",\"scripted\":false,\"searchable\":true,\"type\":\"string\"},{\"aggregatable\":true,\"analyzed\":false,\"count\":0,\"doc_values\":true,\"indexed\":true,\"name\":\"journald.code.line\",\"scripted\":false,\"searchable\":true,\"type\":\"number\"},{\"aggregatable\":true,\"analyzed\":false,\"count\":0,\"doc_values\":true,\"indexed\":true,\"name\":\"journald.process.audit.loginuid\",\"scripted\":false,\"searchable\":true,\"type\":\"number\"},{\"aggregatable\":true,\"analyzed\":false,\"count\":0,\"doc_values\":true,\"indexed\":true,\"name\":\"journald.process.audit.session\",\"scripted\":false,\"searchable\":true,\"type\":\"number\"},{\"aggregatable\":true,\"analyzed\":false,\"count\":0,\"doc_values\":true,\"indexed\":true,\"name\":\"journald.process.cmd\",\"scripted\":false,\"searchable\":true,\"type\":\"string\"},{\"aggregatable\":true,\"analyzed\":false,\"count\":0,\"doc_values\":true,\"indexed\":true,\"name\":\"journald.process.name\",\"scripted\":false,\"searchable\":true,\"type\":\"string\"},{\"aggregatable\":true,\"analyzed\":false,\"count\":0,\"doc_values\":true,\"indexed\":true,\"name\":\"journald.process.executable\",\"scripted\":false,\"searchable\":true,\"type\":\"string\"},{\"aggregatable\":true,\"analyzed\":false,\"count\":0,\"doc_values\":true,\"indexed\":true,\"name\":\"journald.process.pid\",\"scripted\":false,\"searchable\":true,\"type\":\"number\"},{\"aggregatable\":true,\"analyzed\":false,\"count\":0,\"doc_values\":true,\"indexed\":true,\"name\":\"journald.process.gid\",\"scripted\":false,\"searchable\":true,\"type\":\"number\"},{\"aggregatable\":true,\"analyzed\":false,\"count\":0,\"doc_values\":true,\"indexed\":true,\"name\":\"journald.process.uid\",\"scripted\":false,\"searchable\":true,\"type\":\"number\"},{\"aggregatable\":true,\"analyzed\":false,\"count\":0,\"doc_values\":true,\"indexed\":true,\"name\":\"journald.process.capabilites\",\"scripted\":false,\"searchable\":true,\"type\":\"string\"},{\"aggregatable\":true,\"analyzed\":false,\"count\":0,\"doc_values\":true,\"indexed\":true,\"name\":\"systemd.invocation_id\",\"scripted\":false,\"searchable\":true,\"type\":\"string\"},{\"aggregatable\":true,\"analyzed\":false,\"count\":0,\"doc_values\":true,\"indexed\":true,\"name\":\"systemd.cgroup\",\"scripted\":false,\"searchable\":true,\"type\":\"string\"},{\"aggregatable\":true,\"analyzed\":false,\"count\":0,\"doc_values\":true,\"indexed\":true,\"name\":\"systemd.owner_uid\",\"scripted\":false,\"searchable\":true,\"type\":\"number\"},{\"aggregatable\":true,\"analyzed\":false,\"count\":0,\"doc_values\":true,\"indexed\":true,\"name\":\"systemd.session\",\"scripted\":false,\"searchable\":true,\"type\":\"string\"},{\"aggregatable\":true,\"analyzed\":false,\"count\":0,\"doc_values\":true,\"indexed\":true,\"name\":\"systemd.slice\",\"scripted\":false,\"searchable\":true,\"type\":\"string\"},{\"aggregatable\":true,\"analyzed\":false,\"count\":0,\"doc_values\":true,\"indexed\":true,\"name\":\"systemd.user_slice\",\"scripted\":false,\"searchable\":true,\"type\":\"string\"},{\"aggregatable\":true,\"analyzed\":false,\"count\":0,\"doc_values\":true,\"indexed\":true,\"name\":\"systemd.unit\",\"scripted\":false,\"searchable\":true,\"type\":\"string\"},{\"aggregatable\":true,\"analyzed\":false,\"count\":0,\"doc_values\":true,\"indexed\":true,\"name\":\"systemd.user_unit\",\"scripted\":false,\"searchable\":true,\"type\":\"string\"},{\"aggregatable\":true,\"analyzed\":false,\"count\":0,\"doc_values\":true,\"indexed\":true,\"name\":\"systemd.transport\",\"scripted\":false,\"searchable\":true,\"type\":\"string\"},{\"aggregatable\":false,\"analyzed\":false,\"count\":0,\"doc_values\":true,\"indexed\":true,\"name\":\"host.boot_id\",\"scripted\":false,\"searchable\":true,\"type\":\"string\"},{\"aggregatable\":true,\"analyzed\":false,\"count\":0,\"doc_values\":true,\"indexed\":true,\"name\":\"syslog.priority\",\"scripted\":false,\"searchable\":true,\"type\":\"number\"},{\"aggregatable\":true,\"analyzed\":false,\"count\":0,\"doc_values\":true,\"indexed\":true,\"name\":\"syslog.facility\",\"scripted\":false,\"searchable\":true,\"type\":\"number\"},{\"aggregatable\":false,\"analyzed\":false,\"count\":0,\"doc_values\":true,\"indexed\":true,\"name\":\"syslog.identifier\",\"scripted\":false,\"searchable\":true,\"type\":\"string\"},{\"aggregatable\":false,\"analyzed\":false,\"count\":0,\"doc_values\":true,\"indexed\":true,\"name\":\"message\",\"scripted\":false,\"searchable\":true,\"type\":\"string\"},{\"aggregatable\":true,\"analyzed\":false,\"count\":0,\"doc_values\":true,\"indexed\":true,\"name\":\"custom\",\"scripted\":false,\"searchable\":true},{\"aggregatable\":true,\"analyzed\":false,\"count\":0,\"doc_values\":true,\"indexed\":true,\"name\":\"beat.name\",\"scripted\":false,\"searchable\":true,\"type\":\"string\"},{\"aggregatable\":true,\"analyzed\":false,\"count\":0,\"doc_values\":true,\"indexed\":true,\"name\":\"beat.hostname\",\"scripted\":false,\"searchable\":true,\"type\":\"string\"},{\"aggregatable\":true,\"analyzed\":false,\"count\":0,\"doc_values\":true,\"indexed\":true,\"name\":\"beat.timezone\",\"scripted\":false,\"searchable\":true,\"type\":\"string\"},{\"aggregatable\":true,\"analyzed\":false,\"count\":0,\"doc_values\":true,\"indexed\":true,\"name\":\"beat.version\",\"scripted\":false,\"searchable\":true,\"type\":\"string\"},{\"aggregatable\":true,\"analyzed\":false,\"count\":0,\"doc_values\":true,\"indexed\":true,\"name\":\"@timestamp\",\"scripted\":false,\"searchable\":true,\"type\":\"date\"},{\"aggregatable\":true,\"analyzed\":false,\"count\":0,\"doc_values\":true,\"indexed\":true,\"name\":\"tags\",\"scripted\":false,\"searchable\":true,\"type\":\"string\"},{\"aggregatable\":true,\"analyzed\":false,\"count\":0,\"doc_values\":true,\"indexed\":true,\"name\":\"fields\",\"scripted\":false,\"searchable\":true},{\"aggregatable\":false,\"analyzed\":false,\"count\":0,\"doc_values\":true,\"indexed\":true,\"name\":\"error.message\",\"scripted\":false,\"searchable\":true,\"type\":\"string\"},{\"aggregatable\":true,\"analyzed\":false,\"count\":0,\"doc_values\":true,\"indexed\":true,\"name\":\"error.code\",\"scripted\":false,\"searchable\":true,\"type\":\"number\"},{\"aggregatable\":true,\"analyzed\":false,\"count\":0,\"doc_values\":true,\"indexed\":true,\"name\":\"error.type\",\"scripted\":false,\"searchable\":true,\"type\":\"string\"},{\"aggregatable\":true,\"analyzed\":false,\"count\":0,\"doc_values\":true,\"indexed\":true,\"name\":\"host.hostname\",\"scripted\":false,\"searchable\":true},{\"aggregatable\":true,\"analyzed\":false,\"count\":0,\"doc_values\":true,\"indexed\":true,\"name\":\"event.timezone\",\"scripted\":false,\"searchable\":true},{\"aggregatable\":true,\"analyzed\":false,\"count\":0,\"doc_values\":true,\"indexed\":true,\"name\":\"cloud.provider\",\"scripted\":false,\"searchable\":true},{\"aggregatable\":true,\"analyzed\":false,\"count\":0,\"doc_values\":true,\"indexed\":true,\"name\":\"cloud.instance.id\",\"scripted\":false,\"searchable\":true},{\"aggregatable\":true,\"analyzed\":false,\"count\":0,\"doc_values\":true,\"indexed\":true,\"name\":\"cloud.instance.name\",\"scripted\":false,\"searchable\":true},{\"aggregatable\":true,\"analyzed\":false,\"count\":0,\"doc_values\":true,\"indexed\":true,\"name\":\"cloud.machine.type\",\"scripted\":false,\"searchable\":true},{\"aggregatable\":true,\"analyzed\":false,\"count\":0,\"doc_values\":true,\"indexed\":true,\"name\":\"cloud.availability_zone\",\"scripted\":false,\"searchable\":true},{\"aggregatable\":true,\"analyzed\":false,\"count\":0,\"doc_values\":true,\"indexed\":true,\"name\":\"cloud.project.id\",\"scripted\":false,\"searchable\":true},{\"aggregatable\":true,\"analyzed\":false,\"count\":0,\"doc_values\":true,\"indexed\":true,\"name\":\"cloud.region\",\"scripted\":false,\"searchable\":true},{\"aggregatable\":true,\"analyzed\":false,\"count\":0,\"doc_values\":true,\"indexed\":true,\"name\":\"container.id\",\"scripted\":false,\"searchable\":true},{\"aggregatable\":true,\"analyzed\":false,\"count\":0,\"doc_values\":true,\"indexed\":true,\"name\":\"container.name\",\"scripted\":false,\"searchable\":true},{\"aggregatable\":true,\"analyzed\":false,\"count\":0,\"doc_values\":true,\"indexed\":true,\"name\":\"container.image.name\",\"scripted\":false,\"searchable\":true},{\"aggregatable\":true,\"analyzed\":false,\"count\":0,\"doc_values\":true,\"indexed\":true,\"name\":\"meta.cloud.provider\",\"scripted\":false,\"searchable\":true,\"type\":\"string\"},{\"aggregatable\":true,\"analyzed\":false,\"count\":0,\"doc_values\":true,\"indexed\":true,\"name\":\"meta.cloud.instance_id\",\"scripted\":false,\"searchable\":true,\"type\":\"string\"},{\"aggregatable\":true,\"analyzed\":false,\"count\":0,\"doc_values\":true,\"indexed\":true,\"name\":\"meta.cloud.instance_name\",\"scripted\":false,\"searchable\":true,\"type\":\"string\"},{\"aggregatable\":true,\"analyzed\":false,\"count\":0,\"doc_values\":true,\"indexed\":true,\"name\":\"meta.cloud.machine_type\",\"scripted\":false,\"searchable\":true,\"type\":\"string\"},{\"aggregatable\":true,\"analyzed\":false,\"count\":0,\"doc_values\":true,\"indexed\":true,\"name\":\"meta.cloud.availability_zone\",\"scripted\":false,\"searchable\":true,\"type\":\"string\"},{\"aggregatable\":true,\"analyzed\":false,\"count\":0,\"doc_values\":true,\"indexed\":true,\"name\":\"meta.cloud.project_id\",\"scripted\":false,\"searchable\":true,\"type\":\"string\"},{\"aggregatable\":true,\"analyzed\":false,\"count\":0,\"doc_values\":true,\"indexed\":true,\"name\":\"meta.cloud.region\",\"scripted\":false,\"searchable\":true,\"type\":\"string\"},{\"aggregatable\":true,\"analyzed\":false,\"count\":0,\"doc_values\":true,\"indexed\":true,\"name\":\"docker.container.id\",\"scripted\":false,\"searchable\":true,\"type\":\"string\"},{\"aggregatable\":true,\"analyzed\":false,\"count\":0,\"doc_values\":true,\"indexed\":true,\"name\":\"docker.container.image\",\"scripted\":false,\"searchable\":true,\"type\":\"string\"},{\"aggregatable\":true,\"analyzed\":false,\"count\":0,\"doc_values\":true,\"indexed\":true,\"name\":\"docker.container.name\",\"scripted\":false,\"searchable\":true,\"type\":\"string\"},{\"aggregatable\":true,\"analyzed\":false,\"count\":0,\"doc_values\":true,\"indexed\":true,\"name\":\"docker.container.labels\",\"scripted\":false,\"searchable\":true},{\"aggregatable\":true,\"analyzed\":false,\"count\":0,\"doc_values\":true,\"indexed\":true,\"name\":\"host.name\",\"scripted\":false,\"searchable\":true,\"type\":\"string\"},{\"aggregatable\":true,\"analyzed\":false,\"count\":0,\"doc_values\":true,\"indexed\":true,\"name\":\"host.id\",\"scripted\":false,\"searchable\":true,\"type\":\"string\"},{\"aggregatable\":true,\"analyzed\":false,\"count\":0,\"doc_values\":true,\"indexed\":true,\"name\":\"host.architecture\",\"scripted\":false,\"searchable\":true,\"type\":\"string\"},{\"aggregatable\":true,\"analyzed\":false,\"count\":0,\"doc_values\":true,\"indexed\":true,\"name\":\"host.containerized\",\"scripted\":false,\"searchable\":true,\"type\":\"boolean\"},{\"aggregatable\":true,\"analyzed\":false,\"count\":0,\"doc_values\":true,\"indexed\":true,\"name\":\"host.os.platform\",\"scripted\":false,\"searchable\":true,\"type\":\"string\"},{\"aggregatable\":true,\"analyzed\":false,\"count\":0,\"doc_values\":true,\"indexed\":true,\"name\":\"host.os.name\",\"scripted\":false,\"searchable\":true,\"type\":\"string\"},{\"aggregatable\":true,\"analyzed\":false,\"count\":0,\"doc_values\":true,\"indexed\":true,\"name\":\"host.os.build\",\"scripted\":false,\"searchable\":true,\"type\":\"string\"},{\"aggregatable\":true,\"analyzed\":false,\"count\":0,\"doc_values\":true,\"indexed\":true,\"name\":\"host.os.version\",\"scripted\":false,\"searchable\":true,\"type\":\"string\"},{\"aggregatable\":true,\"analyzed\":false,\"count\":0,\"doc_values\":true,\"indexed\":true,\"name\":\"host.os.family\",\"scripted\":false,\"searchable\":true,\"type\":\"string\"},{\"aggregatable\":true,\"analyzed\":false,\"count\":0,\"doc_values\":true,\"indexed\":true,\"name\":\"host.ip\",\"scripted\":false,\"searchable\":true,\"type\":\"ip\"},{\"aggregatable\":true,\"analyzed\":false,\"count\":0,\"doc_values\":true,\"indexed\":true,\"name\":\"host.mac\",\"scripted\":false,\"searchable\":true,\"type\":\"string\"},{\"aggregatable\":true,\"analyzed\":false,\"count\":0,\"doc_values\":true,\"indexed\":true,\"name\":\"kubernetes.pod.name\",\"scripted\":false,\"searchable\":true,\"type\":\"string\"},{\"aggregatable\":true,\"analyzed\":false,\"count\":0,\"doc_values\":true,\"indexed\":true,\"name\":\"kubernetes.pod.uid\",\"scripted\":false,\"searchable\":true,\"type\":\"string\"},{\"aggregatable\":true,\"analyzed\":false,\"count\":0,\"doc_values\":true,\"indexed\":true,\"name\":\"kubernetes.namespace\",\"scripted\":false,\"searchable\":true,\"type\":\"string\"},{\"aggregatable\":true,\"analyzed\":false,\"count\":0,\"doc_values\":true,\"indexed\":true,\"name\":\"kubernetes.node.name\",\"scripted\":false,\"searchable\":true,\"type\":\"string\"},{\"aggregatable\":true,\"analyzed\":false,\"count\":0,\"doc_values\":true,\"indexed\":true,\"name\":\"kubernetes.labels\",\"scripted\":false,\"searchable\":true},{\"aggregatable\":true,\"analyzed\":false,\"count\":0,\"doc_values\":true,\"indexed\":true,\"name\":\"kubernetes.annotations\",\"scripted\":false,\"searchable\":true},{\"aggregatable\":true,\"analyzed\":false,\"count\":0,\"doc_values\":true,\"indexed\":true,\"name\":\"kubernetes.container.name\",\"scripted\":false,\"searchable\":true,\"type\":\"string\"},{\"aggregatable\":true,\"analyzed\":false,\"count\":0,\"doc_values\":true,\"indexed\":true,\"name\":\"kubernetes.container.image\",\"scripted\":false,\"searchable\":true,\"type\":\"string\"},{\"aggregatable\":false,\"analyzed\":false,\"count\":0,\"doc_values\":false,\"indexed\":false,\"name\":\"_id\",\"scripted\":false,\"searchable\":false,\"type\":\"string\"},{\"aggregatable\":true,\"analyzed\":false,\"count\":0,\"doc_values\":false,\"indexed\":false,\"name\":\"_type\",\"scripted\":false,\"searchable\":true,\"type\":\"string\"},{\"aggregatable\":false,\"analyzed\":false,\"count\":0,\"doc_values\":false,\"indexed\":false,\"name\":\"_index\",\"scripted\":false,\"searchable\":false,\"type\":\"string\"},{\"aggregatable\":false,\"analyzed\":false,\"count\":0,\"doc_values\":false,\"indexed\":false,\"name\":\"_score\",\"scripted\":false,\"searchable\":false,\"type\":\"number\"}]",
  "timeFieldName": "@timestamp",
  "title": "journalbeat-*"
}