{
    "objects": [
        {
            "attributes": {
                "columns": [
                    "@timestamp", 
                    "host.name", 
                    "journald.kernel.subsystem", 
                    "message"
                ], 
                "description": "", 
                "hits": 0, 
                "kibanaSavedObjectMeta": {
                    "searchSourceJSON": "{\"filter\": [], \"index\": \"journalbeat-*\", \"version\": true, \"highlightAll\": true, \"query\": {\"query\": \"syslog.facility:0 AND syslog.priority:<4\", \"language\": \"lucene\"}}"
                }, 
                "sort": [
                    "event.created", 
                    "desc"
                ], 
                "title": "[Journalbeat] Kernel errors", 
                "version": 1
            }, 
            "id": "8fb3eee0-2866-11e9-af62-7d5932195f5c", 
            "type": "search", 
            "updated_at": "2019-02-04T10:58:39.648Z", 
            "version": 1
        }, 
        {
            "attributes": {
                "columns": [
                    "@timestamp", 
                    "host.name", 
                    "process.name", 
                    "message"
                ], 
                "description": "", 
                "hits": 0, 
                "kibanaSavedObjectMeta": {
                    "searchSourceJSON": "{\"filter\": [], \"index\": \"journalbeat-*\", \"version\": true, \"highlightAll\": true, \"query\": {\"query\": \"syslog.facility:4\", \"language\": \"lucene\"}}"
                }, 
                "sort": [
                    "event.created", 
                    "desc"
                ], 
                "title": "[Journalbeat] Authorization", 
                "version": 1
            }, 
            "id": "e3c84940-2866-11e9-af62-7d5932195f5c", 
            "type": "search", 
            "updated_at": "2019-02-04T10:58:39.655Z", 
            "version": 1
        }, 
        {
            "attributes": {
                "columns": [
                    "@timestamp", 
                    "host.name", 
                    "message"
                ], 
                "description": "", 
                "hits": 0, 
                "kibanaSavedObjectMeta": {
                    "searchSourceJSON": "{\"filter\": [], \"index\": \"journalbeat-*\", \"version\": true, \"highlightAll\": true, \"query\": {\"query\": \"process.name:systemd\", \"language\": \"lucene\"}}"
                }, 
                "sort": [
                    "event.created", 
                    "desc"
                ], 
                "title": "[Journalbeat] Systemd messages", 
                "version": 1
            }, 
            "id": "2d6b1b00-2866-11e9-af62-7d5932195f5c", 
            "type": "search", 
            "updated_at": "2019-02-04T10:58:39.642Z", 
            "version": 1
        }, 
        {
            "attributes": {
                "description": "", 
                "hits": 0, 
                "kibanaSavedObjectMeta": {
                    "searchSourceJSON": "{\"filter\": [], \"query\": {\"query\": \"\", \"language\": \"lucene\"}}"
                }, 
                "optionsJSON": "{\"useMargins\": true, \"darkTheme\": false, \"hidePanelTitles\": false}", 
                "panelsJSON": "[{\"gridData\": {\"i\": \"1\", \"h\": 15, \"y\": 0, \"w\": 24, \"x\": 0}, \"embeddableConfig\": {}, \"panelIndex\": \"1\", \"version\": \"6.7.0\", \"type\": \"search\", \"id\": \"8fb3eee0-2866-11e9-af62-7d5932195f5c\"}, {\"gridData\": {\"i\": \"2\", \"h\": 15, \"y\": 0, \"w\": 24, \"x\": 24}, \"embeddableConfig\": {}, \"panelIndex\": \"2\", \"version\": \"6.7.0\", \"type\": \"search\", \"id\": \"e3c84940-2866-11e9-af62-7d5932195f5c\"}, {\"gridData\": {\"i\": \"3\", \"h\": 14, \"y\": 15, \"w\": 48, \"x\": 0}, \"embeddableConfig\": {}, \"panelIndex\": \"3\", \"version\": \"6.7.0\", \"type\": \"search\", \"id\": \"2d6b1b00-2866-11e9-af62-7d5932195f5c\"}]", 
                "timeRestore": false, 
                "title": "[Journalbeat] Overview", 
                "version": 1
            }, 
            "id": "1649ab20-2867-11e9-af62-7d5932195f5c", 
            "type": "dashboard", 
            "updated_at": "2019-02-04T10:58:40.359Z", 
            "version": 1
        }
    ], 
    "version": "6.7.0"
}