{
  "sort": [
    "@timestamp", 
    "desc"
  ], 
  "hits": 0, 
  "description": "", 
  "title": "File Integrity Events [Auditbeat File Integrity]", 
  "version": 1, 
  "kibanaSavedObjectMeta": {
    "searchSourceJSON": "{\n  \"index\": \"auditbeat-*\",\n  \"highlightAll\": true,\n  \"version\": true,\n  \"filter\": [\n    {\n      \"meta\": {\n        \"index\": \"auditbeat-*\",\n        \"negate\": false,\n        \"disabled\": false,\n        \"alias\": null,\n        \"type\": \"phrase\",\n        \"key\": \"event.module\",\n        \"value\": \"file_integrity\",\n        \"params\": {\n          \"query\": \"file_integrity\",\n          \"type\": \"phrase\"\n        }\n      },\n      \"query\": {\n        \"match\": {\n          \"event.module\": {\n            \"query\": \"file_integrity\",\n            \"type\": \"phrase\"\n          }\n        }\n      },\n      \"$state\": {\n        \"store\": \"appState\"\n      }\n    }\n  ]\n}"
  }, 
  "columns": [
    "file.path", 
    "event.action"
  ]
}