{
    "objects": [
        {
            "attributes": {
                "description": "", 
                "kibanaSavedObjectMeta": {
                    "searchSourceJSON": "{\"filter\": [], \"query\": {\"query\": {\"query_string\": {\"analyze_wildcard\": true, \"query\": \"*\"}}, \"language\": \"lucene\"}}"
                }, 
                "title": "Navigation", 
                "uiStateJSON": "{}", 
                "version": 1, 
                "visState": "{\"type\": \"markdown\", \"params\": {\"markdown\": \"### Packetbeat:\\n\\n[Overview](#/dashboard/Packetbeat-Dashboard)\\n\\n[Flows](#/dashboard/Packetbeat-Flows)\\n\\n[Web transactions](#/dashboard/Packetbeat-HTTP)\\n\\n[MySQL performance](#/dashboard/Packetbeat-MySQL-performance)\\n\\n[PostgreSQL performance](#/dashboard/Packetbeat-PgSQL-performance)\\n\\n[MongoDB performance](#/dashboard/Packetbeat-MongoDB-performance)\\n\\n[Thrift-RPC performance](#/dashboard/Packetbeat-Thrift-performance)\\n\\n[NFS transactions](#/dashboard/Packetbeat-NFS)\\n\\n[Cassandra performance](#/dashboard/Packetbeat-Cassandra)\", \"fontSize\": \"10\"}, \"aggs\": [], \"title\": \"Navigation\"}"
            }, 
            "id": "Navigation", 
            "type": "visualization", 
            "updated_at": "2017-11-29T15:31:44.592Z", 
            "version": 10
        }, 
        {
            "attributes": {
                "description": "", 
                "kibanaSavedObjectMeta": {
                    "searchSourceJSON": "{\"filter\": [], \"query\": {\"query\": \"\", \"language\": \"lucene\"}}"
                }, 
                "savedSearchId": "ffc3c0b0-d2d7-11e7-9914-4982455b3063", 
                "title": "TLS Sessions", 
                "uiStateJSON": "{\"vis\": {\"colors\": {\"true\": \"#7EB26D\", \"false\": \"#E24D42\"}, \"legendOpen\": false}}", 
                "version": 1, 
                "visState": "{\"type\": \"histogram\", \"params\": {\"seriesParams\": [{\"showCircles\": true, \"show\": \"true\", \"data\": {\"id\": \"1\", \"label\": \"Count\"}, \"mode\": \"stacked\", \"drawLinesBetweenPoints\": true, \"valueAxis\": \"ValueAxis-1\", \"type\": \"histogram\"}], \"type\": \"histogram\", \"categoryAxes\": [{\"style\": {}, \"scale\": {\"type\": \"linear\"}, \"show\": true, \"title\": {}, \"labels\": {\"truncate\": 100, \"show\": true}, \"position\": \"bottom\", \"type\": \"category\", \"id\": \"CategoryAxis-1\"}], \"legendPosition\": \"right\", \"addTimeMarker\": false, \"addLegend\": true, \"grid\": {\"valueAxis\": \"ValueAxis-1\", \"style\": {\"color\": \"#eee\"}, \"categoryLines\": false}, \"times\": [], \"addTooltip\": true, \"valueAxes\": [{\"style\": {}, \"scale\": {\"type\": \"linear\", \"mode\": \"normal\"}, \"name\": \"LeftAxis-1\", \"show\": true, \"title\": {\"text\": \"Count\"}, \"labels\": {\"filter\": false, \"rotate\": 0, \"truncate\": 100, \"show\": true}, \"position\": \"left\", \"type\": \"value\", \"id\": \"ValueAxis-1\"}]}, \"aggs\": [{\"params\": {}, \"type\": \"count\", \"enabled\": true, \"id\": \"1\", \"schema\": \"metric\"}, {\"params\": {\"extended_bounds\": {}, \"customLabel\": \"Sessions per minute\", \"interval\": \"auto\", \"field\": \"@timestamp\", \"min_doc_count\": 1, \"customInterval\": \"2h\"}, \"type\": \"date_histogram\", \"enabled\": true, \"id\": \"2\", \"schema\": \"segment\"}, {\"params\": {\"orderBy\": \"1\", \"customLabel\": \"Handshake completed\", \"field\": \"tls.handshake_completed\", \"json\": \"\", \"order\": \"desc\", \"size\": 5}, \"type\": \"terms\", \"enabled\": true, \"id\": \"3\", \"schema\": \"group\"}], \"title\": \"TLS Sessions\"}"
            }, 
            "id": "059fe5e0-d2dd-11e7-9914-4982455b3063", 
            "type": "visualization", 
            "updated_at": "2017-11-30T00:11:22.296Z", 
            "version": 2
        }, 
        {
            "attributes": {
                "description": "", 
                "kibanaSavedObjectMeta": {
                    "searchSourceJSON": "{\"filter\": [{\"query\": {\"exists\": {\"field\": \"tls\"}}, \"meta\": {\"index\": \"packetbeat-*\", \"value\": \"{\\\"exists\\\":{\\\"field\\\":\\\"tls\\\"}}\", \"disabled\": false, \"alias\": null, \"key\": \"query\", \"negate\": false, \"type\": \"custom\"}, \"$state\": {\"store\": \"appState\"}}], \"index\": \"packetbeat-*\", \"query\": {\"query\": \"\", \"language\": \"lucene\"}}"
                }, 
                "title": "TLS Alerts", 
                "uiStateJSON": "{\"vis\": {\"colors\": {\"handshake_failure\": \"#E24D42\", \"None\": \"#7EB26D\"}}}", 
                "version": 1, 
                "visState": "{\"type\": \"pie\", \"params\": {\"legendPosition\": \"right\", \"type\": \"pie\", \"isDonut\": true, \"addTooltip\": true, \"addLegend\": true}, \"aggs\": [{\"params\": {}, \"type\": \"count\", \"enabled\": true, \"id\": \"1\", \"schema\": \"metric\"}, {\"params\": {\"orderBy\": \"1\", \"field\": \"tls.alert_types\", \"json\": \"{\\\"missing\\\": \\\"None\\\"}\", \"include\": \".*\", \"order\": \"desc\", \"size\": 5}, \"type\": \"terms\", \"enabled\": true, \"id\": \"2\", \"schema\": \"segment\"}], \"title\": \"TLS Alerts\"}"
            }, 
            "id": "c14377a0-d353-11e7-9914-4982455b3063", 
            "type": "visualization", 
            "updated_at": "2017-11-29T15:31:44.592Z", 
            "version": 1
        }, 
        {
            "attributes": {
                "description": "", 
                "kibanaSavedObjectMeta": {
                    "searchSourceJSON": "{\"filter\": [{\"meta\": {\"index\": \"packetbeat-*\", \"value\": \"exists\", \"disabled\": false, \"alias\": null, \"key\": \"tls.handshake_completed\", \"negate\": false, \"type\": \"exists\"}, \"$state\": {\"store\": \"appState\"}, \"exists\": {\"field\": \"tls.handshake_completed\"}}], \"index\": \"packetbeat-*\", \"query\": {\"query\": {\"query_string\": {\"analyze_wildcard\": true, \"query\": \"*\"}}, \"language\": \"lucene\"}}"
                }, 
                "title": "Total Number of TLS Sessions", 
                "uiStateJSON": "{\"P-5\": {\"vis\": {\"defaultColors\": {\"0 - 100\": \"rgb(0,104,55)\"}}}, \"P-7\": {\"vis\": {\"params\": {\"sort\": {\"columnIndex\": null, \"direction\": null}}}}}", 
                "version": 1, 
                "visState": "{\"type\": \"metric\", \"params\": {\"type\": \"metric\", \"metric\": {\"style\": {\"bgFill\": \"#000\", \"bgColor\": false, \"fontSize\": 60, \"subText\": \"\", \"labelColor\": false}, \"colorSchema\": \"Green to Red\", \"invertColors\": false, \"labels\": {\"show\": true}, \"useRanges\": false, \"percentageMode\": false, \"colorsRange\": [{\"to\": 10000, \"from\": 0}], \"metricColorMode\": \"None\"}, \"addTooltip\": true, \"addLegend\": false}, \"aggs\": [{\"params\": {}, \"type\": \"count\", \"enabled\": true, \"id\": \"1\", \"schema\": \"metric\"}], \"title\": \"Total Number of TLS Sessions\"}"
            }, 
            "id": "061de380-d361-11e7-9914-4982455b3063", 
            "type": "visualization", 
            "updated_at": "2017-11-29T15:31:44.592Z", 
            "version": 1
        }, 
        {
            "attributes": {
                "description": "", 
                "kibanaSavedObjectMeta": {
                    "searchSourceJSON": "{\"filter\": [], \"query\": {\"query\": \"\", \"language\": \"lucene\"}}"
                }, 
                "savedSearchId": "94908e80-d2d8-11e7-9914-4982455b3063", 
                "title": "TLS Server Name Indication", 
                "uiStateJSON": "{}", 
                "version": 1, 
                "visState": "{\"type\": \"tagcloud\", \"params\": {\"maxFontSize\": 64, \"scale\": \"linear\", \"hideLabel\": false, \"orientation\": \"single\", \"minFontSize\": 14}, \"aggs\": [{\"params\": {}, \"type\": \"count\", \"enabled\": true, \"id\": \"1\", \"schema\": \"metric\"}, {\"params\": {\"orderBy\": \"1\", \"field\": \"tls.client_hello.extensions.server_name_indication\", \"customLabel\": \"Server Name Indication\", \"order\": \"desc\", \"size\": 5}, \"type\": \"terms\", \"enabled\": true, \"id\": \"2\", \"schema\": \"segment\"}], \"title\": \"TLS Server Name Indication\"}"
            }, 
            "id": "a28d09d0-d361-11e7-9914-4982455b3063", 
            "type": "visualization", 
            "updated_at": "2017-11-29T15:31:44.592Z", 
            "version": 1
        }, 
        {
            "attributes": {
                "description": "", 
                "kibanaSavedObjectMeta": {
                    "searchSourceJSON": "{\"filter\": [], \"query\": {\"query\": \"\", \"language\": \"lucene\"}}"
                }, 
                "savedSearchId": "bf3d23b0-d37c-11e7-9914-4982455b3063", 
                "title": "TLS Versions", 
                "uiStateJSON": "{}", 
                "version": 1, 
                "visState": "{\"type\": \"pie\", \"params\": {\"legendPosition\": \"right\", \"type\": \"pie\", \"isDonut\": true, \"addTooltip\": true, \"addLegend\": true}, \"aggs\": [{\"params\": {}, \"type\": \"count\", \"enabled\": true, \"id\": \"1\", \"schema\": \"metric\"}, {\"params\": {\"orderBy\": \"1\", \"field\": \"tls.version\", \"customLabel\": \"TLS version\", \"order\": \"desc\", \"size\": 5}, \"type\": \"terms\", \"enabled\": true, \"id\": \"2\", \"schema\": \"segment\"}], \"title\": \"TLS Versions\"}"
            }, 
            "id": "0af0b790-d37d-11e7-9914-4982455b3063", 
            "type": "visualization", 
            "updated_at": "2017-11-29T15:31:44.592Z", 
            "version": 1
        }, 
        {
            "attributes": {
                "description": "", 
                "kibanaSavedObjectMeta": {
                    "searchSourceJSON": "{\"filter\": [], \"query\": {\"query\": \"\", \"language\": \"lucene\"}}"
                }, 
                "savedSearchId": "8f0ff590-d37d-11e7-9914-4982455b3063", 
                "title": "TLS Server Public Key Size", 
                "uiStateJSON": "{}", 
                "version": 1, 
                "visState": "{\"type\": \"pie\", \"params\": {\"legendPosition\": \"right\", \"type\": \"pie\", \"isDonut\": true, \"addTooltip\": true, \"addLegend\": true}, \"aggs\": [{\"params\": {}, \"type\": \"count\", \"enabled\": true, \"id\": \"1\", \"schema\": \"metric\"}, {\"params\": {\"orderBy\": \"1\", \"field\": \"tls.server_certificate.public_key_size\", \"customLabel\": \"Public Key Size\", \"order\": \"desc\", \"size\": 5}, \"type\": \"terms\", \"enabled\": true, \"id\": \"2\", \"schema\": \"segment\"}], \"title\": \"Server Public Key Size\"}"
            }, 
            "id": "ae6e33c0-d37d-11e7-9914-4982455b3063", 
            "type": "visualization", 
            "updated_at": "2017-11-29T15:31:44.592Z", 
            "version": 1
        }, 
        {
            "attributes": {
                "description": "", 
                "kibanaSavedObjectMeta": {
                    "searchSourceJSON": "{\"filter\": [], \"query\": {\"query\": \"\", \"language\": \"lucene\"}}"
                }, 
                "savedSearchId": "ffc3c0b0-d2d7-11e7-9914-4982455b3063", 
                "title": "TLS Session Resume", 
                "uiStateJSON": "{}", 
                "version": 1, 
                "visState": "{\"type\": \"pie\", \"params\": {\"legendPosition\": \"right\", \"type\": \"pie\", \"isDonut\": true, \"addTooltip\": true, \"addLegend\": true}, \"aggs\": [{\"params\": {}, \"type\": \"count\", \"enabled\": true, \"id\": \"1\", \"schema\": \"metric\"}, {\"params\": {\"orderBy\": \"1\", \"field\": \"tls.resumption_method\", \"json\": \"{\\n\\\"missing\\\": \\\"none\\\"\\n}\", \"exclude\": \"xxx-nope\", \"order\": \"desc\", \"size\": 5}, \"type\": \"terms\", \"enabled\": true, \"id\": \"2\", \"schema\": \"segment\"}], \"title\": \"TLS Session Resume\"}"
            }, 
            "id": "2c467370-d392-11e7-8fa0-232aa9259081", 
            "type": "visualization", 
            "updated_at": "2017-11-29T15:31:44.592Z", 
            "version": 1
        }, 
        {
            "attributes": {
                "description": "", 
                "kibanaSavedObjectMeta": {
                    "searchSourceJSON": "{\"filter\": [], \"query\": {\"query\": \"\", \"language\": \"lucene\"}}"
                }, 
                "savedSearchId": "ffc3c0b0-d2d7-11e7-9914-4982455b3063", 
                "title": "TLS Server Certificates", 
                "uiStateJSON": "{\"vis\": {\"params\": {\"sort\": {\"columnIndex\": null, \"direction\": null}}}}", 
                "version": 1, 
                "visState": "{\"type\": \"table\", \"params\": {\"sort\": {\"columnIndex\": null, \"direction\": null}, \"perPage\": 10, \"showPartialRows\": false, \"totalFunc\": \"sum\", \"showTotal\": false, \"showMeticsAtAllLevels\": false}, \"aggs\": [{\"params\": {\"customLabel\": \"\"}, \"type\": \"count\", \"enabled\": true, \"id\": \"1\", \"schema\": \"metric\"}, {\"params\": {\"orderBy\": \"1\", \"field\": \"tls.server_certificate.subject.common_name\", \"customLabel\": \"Subject Common Name\", \"order\": \"desc\", \"size\": 10}, \"type\": \"terms\", \"enabled\": true, \"id\": \"4\", \"schema\": \"bucket\"}, {\"params\": {\"orderBy\": \"1\", \"field\": \"tls.server_certificate.subject.organization\", \"customLabel\": \"Organization\", \"order\": \"desc\", \"size\": 5}, \"type\": \"terms\", \"enabled\": true, \"id\": \"3\", \"schema\": \"bucket\"}], \"title\": \"TLS Server Certificates\"}"
            }, 
            "id": "0958a910-d396-11e7-8fa0-232aa9259081", 
            "type": "visualization", 
            "updated_at": "2017-11-29T15:31:44.592Z", 
            "version": 1
        }, 
        {
            "attributes": {
                "description": "", 
                "kibanaSavedObjectMeta": {
                    "searchSourceJSON": "{\"filter\": [], \"query\": {\"query\": \"\", \"language\": \"lucene\"}}"
                }, 
                "savedSearchId": "ffc3c0b0-d2d7-11e7-9914-4982455b3063", 
                "title": "TLS Client Certificates", 
                "uiStateJSON": "{\"vis\": {\"params\": {\"sort\": {\"columnIndex\": null, \"direction\": null}}}}", 
                "version": 1, 
                "visState": "{\"type\": \"table\", \"params\": {\"sort\": {\"columnIndex\": null, \"direction\": null}, \"perPage\": 10, \"showPartialRows\": false, \"totalFunc\": \"sum\", \"showTotal\": false, \"showMeticsAtAllLevels\": false}, \"aggs\": [{\"params\": {}, \"type\": \"count\", \"enabled\": true, \"id\": \"1\", \"schema\": \"metric\"}, {\"params\": {\"orderBy\": \"1\", \"field\": \"tls.client_certificate.subject.common_name\", \"customLabel\": \"Subject Common Name\", \"order\": \"desc\", \"size\": 5}, \"type\": \"terms\", \"enabled\": true, \"id\": \"2\", \"schema\": \"bucket\"}, {\"params\": {\"orderBy\": \"1\", \"customLabel\": \"Signature Algorithm\", \"field\": \"tls.client_certificate.signature_algorithm\", \"json\": \"{ \\\"missing\\\": \\\"N/A\\\" }\", \"order\": \"desc\", \"size\": 5}, \"type\": \"terms\", \"enabled\": true, \"id\": \"3\", \"schema\": \"bucket\"}], \"title\": \"TLS Client Certificates\"}"
            }, 
            "id": "86743f90-d396-11e7-8fa0-232aa9259081", 
            "type": "visualization", 
            "updated_at": "2017-11-29T15:31:44.592Z", 
            "version": 1
        }, 
        {
            "attributes": {
                "description": "", 
                "kibanaSavedObjectMeta": {
                    "searchSourceJSON": "{\"filter\": [], \"query\": {\"query\": \"\", \"language\": \"lucene\"}}"
                }, 
                "savedSearchId": "ffc3c0b0-d2d7-11e7-9914-4982455b3063", 
                "title": "TLS Cipher", 
                "uiStateJSON": "{\"vis\": {\"params\": {\"sort\": {\"columnIndex\": null, \"direction\": null}}}}", 
                "version": 1, 
                "visState": "{\"type\": \"table\", \"params\": {\"sort\": {\"columnIndex\": null, \"direction\": null}, \"perPage\": 10, \"showPartialRows\": false, \"totalFunc\": \"sum\", \"showTotal\": false, \"showMeticsAtAllLevels\": false}, \"aggs\": [{\"params\": {}, \"type\": \"count\", \"enabled\": true, \"id\": \"1\", \"schema\": \"metric\"}, {\"params\": {\"orderBy\": \"1\", \"field\": \"tls.server_hello.selected_cipher\", \"customLabel\": \"Cipher\", \"order\": \"desc\", \"size\": 5}, \"type\": \"terms\", \"enabled\": true, \"id\": \"2\", \"schema\": \"bucket\"}], \"title\": \"TLS Cipher\"}"
            }, 
            "id": "463d2bf0-d3a8-11e7-9081-ab2af08e9961", 
            "type": "visualization", 
            "updated_at": "2017-11-29T15:31:44.592Z", 
            "version": 1
        }, 
        {
            "attributes": {
                "description": "", 
                "kibanaSavedObjectMeta": {
                    "searchSourceJSON": "{\"filter\": [], \"query\": {\"query\": \"\", \"language\": \"lucene\"}}"
                }, 
                "savedSearchId": "6b1b1360-d49d-11e7-996f-bd7c1ca4591b", 
                "title": "TLS Fingerprint", 
                "uiStateJSON": "{\"vis\": {\"params\": {\"sort\": {\"columnIndex\": null, \"direction\": null}}}}", 
                "version": 1, 
                "visState": "{\"type\": \"table\", \"params\": {\"sort\": {\"columnIndex\": null, \"direction\": null}, \"perPage\": 10, \"showPartialRows\": false, \"totalFunc\": \"sum\", \"showTotal\": false, \"showMeticsAtAllLevels\": false}, \"aggs\": [{\"params\": {}, \"type\": \"count\", \"enabled\": true, \"id\": \"1\", \"schema\": \"metric\"}, {\"params\": {\"orderBy\": \"1\", \"field\": \"tls.fingerprints.ja3.hash\", \"customLabel\": \"JA3 Fingerprint\", \"order\": \"desc\", \"size\": 5}, \"type\": \"terms\", \"enabled\": true, \"id\": \"2\", \"schema\": \"bucket\"}], \"title\": \"TLS Fingerprint\"}"
            }, 
            "id": "ad2a8b50-d49d-11e7-996f-bd7c1ca4591b", 
            "type": "visualization", 
            "updated_at": "2017-11-29T15:31:44.592Z", 
            "version": 1
        }, 
        {
            "attributes": {
                "description": "", 
                "kibanaSavedObjectMeta": {
                    "searchSourceJSON": "{\"filter\": [{\"range\": {\"responsetime\": {\"lt\": 1000, \"gte\": 0}}, \"meta\": {\"index\": \"packetbeat-*\", \"value\": \"0 to 1,000\", \"disabled\": false, \"alias\": null, \"params\": {\"lt\": 1000, \"gte\": 0}, \"key\": \"responsetime\", \"negate\": false, \"type\": \"range\"}, \"$state\": {\"store\": \"appState\"}}], \"query\": {\"query\": \"\", \"language\": \"lucene\"}}"
                }, 
                "savedSearchId": "8e2af860-d520-11e7-9fff-7b1ebf397ba9", 
                "title": "TLS handshake latency", 
                "uiStateJSON": "{\"vis\": {\"legendOpen\": false}}", 
                "version": 1, 
                "visState": "{\"type\": \"area\", \"params\": {\"seriesParams\": [{\"showCircles\": true, \"show\": \"true\", \"type\": \"area\", \"interpolate\": \"linear\", \"mode\": \"stacked\", \"drawLinesBetweenPoints\": true, \"valueAxis\": \"ValueAxis-1\", \"data\": {\"id\": \"1\", \"label\": \"Count\"}}], \"type\": \"area\", \"categoryAxes\": [{\"style\": {}, \"scale\": {\"type\": \"linear\"}, \"show\": true, \"title\": {}, \"labels\": {\"filter\": true, \"truncate\": 100, \"show\": true}, \"position\": \"bottom\", \"type\": \"category\", \"id\": \"CategoryAxis-1\"}], \"legendPosition\": \"right\", \"addTimeMarker\": false, \"addLegend\": true, \"grid\": {\"style\": {\"color\": \"#eee\"}, \"categoryLines\": false}, \"times\": [], \"addTooltip\": true, \"valueAxes\": [{\"style\": {}, \"scale\": {\"type\": \"linear\", \"mode\": \"normal\"}, \"name\": \"LeftAxis-1\", \"show\": true, \"title\": {\"text\": \"Count\"}, \"labels\": {\"filter\": false, \"rotate\": 0, \"truncate\": 100, \"show\": true}, \"position\": \"left\", \"type\": \"value\", \"id\": \"ValueAxis-1\"}]}, \"aggs\": [{\"params\": {}, \"type\": \"count\", \"enabled\": true, \"id\": \"1\", \"schema\": \"metric\"}, {\"params\": {\"field\": \"responsetime\", \"customLabel\": \"Handshake latency (milliseconds)\", \"interval\": 2, \"extended_bounds\": {}}, \"type\": \"histogram\", \"enabled\": true, \"id\": \"2\", \"schema\": \"segment\"}], \"title\": \"TLS handshake latency\"}"
            }, 
            "id": "d2e15950-d560-11e7-9fff-7b1ebf397ba9", 
            "type": "visualization", 
            "updated_at": "2017-11-30T00:10:49.715Z", 
            "version": 2
        }, 
        {
            "attributes": {
                "columns": [
                    "_source"
                ], 
                "description": "", 
                "hits": 0, 
                "kibanaSavedObjectMeta": {
                    "searchSourceJSON": "{\"filter\": [{\"meta\": {\"index\": \"packetbeat-*\", \"value\": \"exists\", \"disabled\": false, \"alias\": \"TLS sessions\", \"key\": \"tls.handshake_completed\", \"negate\": false, \"type\": \"exists\"}, \"$state\": {\"store\": \"appState\"}, \"exists\": {\"field\": \"tls.handshake_completed\"}}], \"index\": \"packetbeat-*\", \"version\": true, \"highlightAll\": true, \"query\": {\"query\": {\"query_string\": {\"analyze_wildcard\": true, \"query\": \"*\"}}, \"language\": \"lucene\"}}"
                }, 
                "sort": [
                    "@timestamp", 
                    "desc"
                ], 
                "title": "TLS Sessions", 
                "version": 1
            }, 
            "id": "ffc3c0b0-d2d7-11e7-9914-4982455b3063", 
            "type": "search", 
            "updated_at": "2017-11-29T15:31:44.592Z", 
            "version": 1
        }, 
        {
            "attributes": {
                "columns": [
                    "_source"
                ], 
                "description": "", 
                "hits": 0, 
                "kibanaSavedObjectMeta": {
                    "searchSourceJSON": "{\"filter\": [{\"meta\": {\"index\": \"packetbeat-*\", \"value\": \"exists\", \"disabled\": false, \"alias\": null, \"key\": \"tls.client_hello.extensions.server_name_indication\", \"negate\": false, \"type\": \"exists\"}, \"$state\": {\"store\": \"appState\"}, \"exists\": {\"field\": \"tls.client_hello.extensions.server_name_indication\"}}], \"index\": \"packetbeat-*\", \"version\": true, \"highlightAll\": true, \"query\": {\"query\": {\"query_string\": {\"analyze_wildcard\": true, \"query\": \"*\"}}, \"language\": \"lucene\"}}"
                }, 
                "sort": [
                    "@timestamp", 
                    "desc"
                ], 
                "title": "TLS Server Name Indication", 
                "version": 1
            }, 
            "id": "94908e80-d2d8-11e7-9914-4982455b3063", 
            "type": "search", 
            "updated_at": "2017-11-29T15:31:44.592Z", 
            "version": 1
        }, 
        {
            "attributes": {
                "columns": [
                    "_source"
                ], 
                "description": "", 
                "hits": 0, 
                "kibanaSavedObjectMeta": {
                    "searchSourceJSON": "{\"filter\": [{\"meta\": {\"index\": \"packetbeat-*\", \"value\": \"exists\", \"disabled\": false, \"alias\": null, \"key\": \"tls.version\", \"negate\": false, \"type\": \"exists\"}, \"$state\": {\"store\": \"appState\"}, \"exists\": {\"field\": \"tls.version\"}}], \"index\": \"packetbeat-*\", \"version\": true, \"highlightAll\": true, \"query\": {\"query\": {\"query_string\": {\"analyze_wildcard\": true, \"query\": \"*\"}}, \"language\": \"lucene\"}}"
                }, 
                "sort": [
                    "@timestamp", 
                    "desc"
                ], 
                "title": "TLS Version", 
                "version": 1
            }, 
            "id": "bf3d23b0-d37c-11e7-9914-4982455b3063", 
            "type": "search", 
            "updated_at": "2017-11-29T15:31:44.592Z", 
            "version": 1
        }, 
        {
            "attributes": {
                "columns": [
                    "_source"
                ], 
                "description": "", 
                "hits": 0, 
                "kibanaSavedObjectMeta": {
                    "searchSourceJSON": "{\"filter\": [{\"meta\": {\"index\": \"packetbeat-*\", \"value\": \"exists\", \"disabled\": false, \"alias\": null, \"key\": \"tls.server_certificate.public_key_size\", \"negate\": false, \"type\": \"exists\"}, \"$state\": {\"store\": \"appState\"}, \"exists\": {\"field\": \"tls.server_certificate.public_key_size\"}}], \"index\": \"packetbeat-*\", \"version\": true, \"highlightAll\": true, \"query\": {\"query\": {\"query_string\": {\"analyze_wildcard\": true, \"query\": \"*\"}}, \"language\": \"lucene\"}}"
                }, 
                "sort": [
                    "@timestamp", 
                    "desc"
                ], 
                "title": "Server Public Key Size", 
                "version": 1
            }, 
            "id": "8f0ff590-d37d-11e7-9914-4982455b3063", 
            "type": "search", 
            "updated_at": "2017-11-29T15:31:44.592Z", 
            "version": 1
        }, 
        {
            "attributes": {
                "columns": [
                    "_source"
                ], 
                "description": "", 
                "hits": 0, 
                "kibanaSavedObjectMeta": {
                    "searchSourceJSON": "{\"filter\": [{\"meta\": {\"index\": \"packetbeat-*\", \"value\": \"exists\", \"disabled\": false, \"alias\": null, \"key\": \"tls.fingerprints.ja3.hash\", \"negate\": false, \"type\": \"exists\"}, \"$state\": {\"store\": \"appState\"}, \"exists\": {\"field\": \"tls.fingerprints.ja3.hash\"}}], \"index\": \"packetbeat-*\", \"version\": true, \"highlightAll\": true, \"query\": {\"query\": \"\", \"language\": \"lucene\"}}"
                }, 
                "sort": [
                    "@timestamp", 
                    "desc"
                ], 
                "title": "TLS Fingerprint", 
                "version": 1
            }, 
            "id": "6b1b1360-d49d-11e7-996f-bd7c1ca4591b", 
            "type": "search", 
            "updated_at": "2017-11-29T15:31:44.592Z", 
            "version": 1
        }, 
        {
            "attributes": {
                "columns": [
                    "_source"
                ], 
                "description": "", 
                "hits": 0, 
                "kibanaSavedObjectMeta": {
                    "searchSourceJSON": "{\"filter\": [{\"meta\": {\"index\": \"packetbeat-*\", \"value\": \"exists\", \"disabled\": false, \"alias\": null, \"key\": \"tls.handshake_completed\", \"negate\": false, \"type\": \"exists\"}, \"$state\": {\"store\": \"appState\"}, \"exists\": {\"field\": \"tls.handshake_completed\"}}, {\"meta\": {\"index\": \"packetbeat-*\", \"value\": \"exists\", \"disabled\": false, \"alias\": null, \"key\": \"responsetime\", \"negate\": false, \"type\": \"exists\"}, \"$state\": {\"store\": \"appState\"}, \"exists\": {\"field\": \"responsetime\"}}], \"index\": \"packetbeat-*\", \"version\": true, \"highlightAll\": true, \"query\": {\"query\": \"\", \"language\": \"lucene\"}}"
                }, 
                "sort": [
                    "@timestamp", 
                    "desc"
                ], 
                "title": "TLS handshake latency", 
                "version": 1
            }, 
            "id": "8e2af860-d520-11e7-9fff-7b1ebf397ba9", 
            "type": "search", 
            "updated_at": "2017-11-29T16:33:23.311Z", 
            "version": 2
        }, 
        {
            "attributes": {
                "description": "TLS Sessions", 
                "hits": 0, 
                "kibanaSavedObjectMeta": {
                    "searchSourceJSON": "{\"filter\": [], \"query\": {\"query\": {\"query_string\": {\"analyze_wildcard\": true, \"query\": \"*\"}}, \"language\": \"lucene\"}, \"version\": true, \"highlightAll\": true}"
                }, 
                "optionsJSON": "{\"darkTheme\": false, \"useMargins\": false}", 
                "panelsJSON": "[{\"gridData\": {\"i\": \"4\", \"h\": 4, \"y\": 0, \"w\": 3, \"x\": 0}, \"type\": \"visualization\", \"version\": \"6.2.4\", \"panelIndex\": \"4\", \"id\": \"Navigation\"}, {\"gridData\": {\"i\": \"8\", \"h\": 4, \"y\": 0, \"w\": 9, \"x\": 3}, \"type\": \"visualization\", \"version\": \"6.2.4\", \"panelIndex\": \"8\", \"id\": \"059fe5e0-d2dd-11e7-9914-4982455b3063\"}, {\"gridData\": {\"i\": \"9\", \"h\": 3, \"y\": 7, \"w\": 3, \"x\": 3}, \"type\": \"visualization\", \"version\": \"6.2.4\", \"panelIndex\": \"9\", \"id\": \"c14377a0-d353-11e7-9914-4982455b3063\"}, {\"gridData\": {\"i\": \"10\", \"h\": 3, \"y\": 4, \"w\": 3, \"x\": 0}, \"type\": \"visualization\", \"version\": \"6.2.4\", \"panelIndex\": \"10\", \"id\": \"061de380-d361-11e7-9914-4982455b3063\"}, {\"gridData\": {\"i\": \"11\", \"h\": 3, \"y\": 10, \"w\": 12, \"x\": 0}, \"type\": \"visualization\", \"version\": \"6.2.4\", \"panelIndex\": \"11\", \"id\": \"a28d09d0-d361-11e7-9914-4982455b3063\"}, {\"gridData\": {\"i\": \"12\", \"h\": 3, \"y\": 7, \"w\": 3, \"x\": 6}, \"type\": \"visualization\", \"version\": \"6.2.4\", \"panelIndex\": \"12\", \"id\": \"0af0b790-d37d-11e7-9914-4982455b3063\"}, {\"gridData\": {\"i\": \"13\", \"h\": 3, \"y\": 7, \"w\": 3, \"x\": 9}, \"type\": \"visualization\", \"version\": \"6.2.4\", \"panelIndex\": \"13\", \"id\": \"ae6e33c0-d37d-11e7-9914-4982455b3063\"}, {\"gridData\": {\"i\": \"14\", \"h\": 3, \"y\": 7, \"w\": 3, \"x\": 0}, \"type\": \"visualization\", \"version\": \"6.2.4\", \"panelIndex\": \"14\", \"id\": \"2c467370-d392-11e7-8fa0-232aa9259081\"}, {\"gridData\": {\"i\": \"15\", \"h\": 3, \"y\": 13, \"w\": 6, \"x\": 0}, \"type\": \"visualization\", \"version\": \"6.2.4\", \"panelIndex\": \"15\", \"id\": \"0958a910-d396-11e7-8fa0-232aa9259081\"}, {\"gridData\": {\"i\": \"16\", \"h\": 3, \"y\": 16, \"w\": 6, \"x\": 0}, \"type\": \"visualization\", \"version\": \"6.2.4\", \"panelIndex\": \"16\", \"id\": \"86743f90-d396-11e7-8fa0-232aa9259081\"}, {\"gridData\": {\"i\": \"17\", \"h\": 3, \"y\": 13, \"w\": 6, \"x\": 6}, \"type\": \"visualization\", \"version\": \"6.2.4\", \"panelIndex\": \"17\", \"id\": \"463d2bf0-d3a8-11e7-9081-ab2af08e9961\"}, {\"gridData\": {\"i\": \"18\", \"h\": 3, \"y\": 16, \"w\": 6, \"x\": 6}, \"type\": \"visualization\", \"version\": \"6.2.4\", \"panelIndex\": \"18\", \"id\": \"ad2a8b50-d49d-11e7-996f-bd7c1ca4591b\"}, {\"gridData\": {\"i\": \"19\", \"h\": 3, \"y\": 4, \"w\": 9, \"x\": 3}, \"type\": \"visualization\", \"version\": \"6.2.4\", \"panelIndex\": \"19\", \"id\": \"d2e15950-d560-11e7-9fff-7b1ebf397ba9\"}]", 
                "timeRestore": false, 
                "title": "[Packetbeat] TLS Sessions", 
                "uiStateJSON": "{\"P-16\": {\"vis\": {\"params\": {\"sort\": {\"columnIndex\": null, \"direction\": null}}}}, \"P-17\": {\"vis\": {\"params\": {\"sort\": {\"columnIndex\": null, \"direction\": null}}}}, \"P-15\": {\"vis\": {\"params\": {\"sort\": {\"columnIndex\": null, \"direction\": null}}}}, \"P-5\": {\"vis\": {\"defaultColors\": {\"0 - 100\": \"rgb(0,104,55)\"}}}, \"P-18\": {\"vis\": {\"params\": {\"sort\": {\"columnIndex\": null, \"direction\": null}}}}, \"P-7\": {\"vis\": {\"params\": {\"sort\": {\"columnIndex\": null, \"direction\": null}}}}}", 
                "version": 1
            }, 
            "id": "tls-sessions", 
            "type": "dashboard", 
            "updated_at": "2017-11-30T00:16:42.402Z", 
            "version": 2
        }
    ], 
    "version": "6.2.4"
}