{
    "objects": [
        {
            "attributes": {
                "description": "", 
                "kibanaSavedObjectMeta": {
                    "searchSourceJSON": "{\"filter\": []}"
                }, 
                "savedSearchId": "71908f00-88ca-11e7-ad9c-db80de0bf8d3", 
                "title": "Web transactions", 
                "uiStateJSON": "{}", 
                "version": 1, 
                "visState": "{\"type\": \"histogram\", \"listeners\": {}, \"params\": {\"scale\": \"linear\", \"yAxis\": {}, \"addTimeMarker\": false, \"addLegend\": false, \"shareYAxis\": true, \"mode\": \"stacked\", \"defaultYExtents\": false, \"setYExtents\": false, \"addTooltip\": true, \"times\": []}, \"aggs\": [{\"type\": \"count\", \"params\": {}, \"id\": \"1\", \"schema\": \"metric\"}, {\"type\": \"date_histogram\", \"params\": {\"customInterval\": \"2h\", \"field\": \"@timestamp\", \"interval\": \"auto\", \"min_doc_count\": 1, \"extended_bounds\": {}}, \"id\": \"2\", \"schema\": \"segment\"}], \"title\": \"Web transactions\"}"
            }, 
            "id": "Web-transactions", 
            "type": "visualization", 
            "version": 3
        }, 
        {
            "attributes": {
                "description": "", 
                "kibanaSavedObjectMeta": {
                    "searchSourceJSON": "{\"filter\": []}"
                }, 
                "savedSearchId": "800e2a00-88cb-11e7-ad9c-db80de0bf8d3", 
                "title": "DB transactions", 
                "uiStateJSON": "{}", 
                "version": 1, 
                "visState": "{\"type\": \"histogram\", \"listeners\": {}, \"params\": {\"scale\": \"linear\", \"yAxis\": {}, \"addTimeMarker\": false, \"addLegend\": true, \"shareYAxis\": true, \"mode\": \"stacked\", \"defaultYExtents\": false, \"setYExtents\": false, \"addTooltip\": true, \"times\": []}, \"aggs\": [{\"type\": \"count\", \"params\": {}, \"id\": \"1\", \"schema\": \"metric\"}, {\"type\": \"date_histogram\", \"params\": {\"customInterval\": \"2h\", \"field\": \"@timestamp\", \"interval\": \"auto\", \"min_doc_count\": 1, \"extended_bounds\": {}}, \"id\": \"2\", \"schema\": \"segment\"}, {\"type\": \"terms\", \"params\": {\"orderBy\": \"1\", \"field\": \"type\", \"order\": \"desc\", \"size\": 5}, \"id\": \"3\", \"schema\": \"group\"}], \"title\": \"DB transactions\"}"
            }, 
            "id": "DB-transactions", 
            "type": "visualization", 
            "version": 2
        }, 
        {
            "attributes": {
                "description": "", 
                "kibanaSavedObjectMeta": {
                    "searchSourceJSON": "{\"filter\": []}"
                }, 
                "savedSearchId": "3dd366e0-88cc-11e7-ad9c-db80de0bf8d3", 
                "title": "Cache transactions", 
                "uiStateJSON": "{}", 
                "version": 1, 
                "visState": "{\"type\": \"histogram\", \"listeners\": {}, \"params\": {\"scale\": \"linear\", \"yAxis\": {}, \"addTimeMarker\": false, \"addLegend\": false, \"shareYAxis\": true, \"mode\": \"stacked\", \"defaultYExtents\": false, \"setYExtents\": false, \"addTooltip\": true, \"times\": []}, \"aggs\": [{\"type\": \"count\", \"params\": {}, \"id\": \"1\", \"schema\": \"metric\"}, {\"type\": \"date_histogram\", \"params\": {\"customInterval\": \"2h\", \"field\": \"@timestamp\", \"interval\": \"auto\", \"min_doc_count\": 1, \"extended_bounds\": {}}, \"id\": \"2\", \"schema\": \"segment\"}], \"title\": \"Cache transactions\"}"
            }, 
            "id": "Cache-transactions", 
            "type": "visualization", 
            "version": 2
        }, 
        {
            "attributes": {
                "description": "", 
                "kibanaSavedObjectMeta": {
                    "searchSourceJSON": "{\"filter\": []}"
                }, 
                "savedSearchId": "d3089370-88cc-11e7-ad9c-db80de0bf8d3", 
                "title": "RPC transactions", 
                "uiStateJSON": "{}", 
                "version": 1, 
                "visState": "{\"type\": \"histogram\", \"listeners\": {}, \"params\": {\"scale\": \"linear\", \"yAxis\": {}, \"addTimeMarker\": false, \"addLegend\": false, \"shareYAxis\": true, \"mode\": \"stacked\", \"defaultYExtents\": false, \"setYExtents\": false, \"addTooltip\": true, \"times\": []}, \"aggs\": [{\"type\": \"cardinality\", \"params\": {\"field\": \"type\"}, \"id\": \"1\", \"schema\": \"metric\"}, {\"type\": \"date_histogram\", \"params\": {\"customInterval\": \"2h\", \"field\": \"@timestamp\", \"interval\": \"auto\", \"min_doc_count\": 1, \"extended_bounds\": {}}, \"id\": \"2\", \"schema\": \"segment\"}], \"title\": \"RPC transactions\"}"
            }, 
            "id": "RPC-transactions", 
            "type": "visualization", 
            "version": 2
        }, 
        {
            "attributes": {
                "description": "", 
                "kibanaSavedObjectMeta": {
                    "searchSourceJSON": "{\"filter\": []}"
                }, 
                "savedSearchId": "Packetbeat-Search", 
                "title": "Response times percentiles", 
                "uiStateJSON": "{}", 
                "version": 1, 
                "visState": "{\"type\": \"line\", \"listeners\": {}, \"params\": {\"scale\": \"linear\", \"showCircles\": true, \"yAxis\": {}, \"smoothLines\": true, \"legendPosition\": \"right\", \"addTimeMarker\": false, \"interpolate\": \"linear\", \"addLegend\": true, \"shareYAxis\": true, \"radiusRatio\": 9, \"drawLinesBetweenPoints\": true, \"defaultYExtents\": false, \"setYExtents\": false, \"addTooltip\": true, \"times\": []}, \"aggs\": [{\"params\": {\"field\": \"responsetime\", \"percents\": [75, 95, 99]}, \"type\": \"percentiles\", \"enabled\": true, \"id\": \"1\", \"schema\": \"metric\"}, {\"params\": {\"customInterval\": \"2h\", \"field\": \"@timestamp\", \"interval\": \"auto\", \"min_doc_count\": 1, \"extended_bounds\": {}}, \"type\": \"date_histogram\", \"enabled\": true, \"id\": \"2\", \"schema\": \"segment\"}], \"title\": \"Response times percentiles\"}"
            }, 
            "id": "Response-times-percentiles", 
            "type": "visualization", 
            "version": 1
        }, 
        {
            "attributes": {
                "description": "", 
                "kibanaSavedObjectMeta": {
                    "searchSourceJSON": "{\"filter\": []}"
                }, 
                "savedSearchId": "Transactions-errors", 
                "title": "Errors count over time", 
                "uiStateJSON": "{}", 
                "version": 1, 
                "visState": "{\"type\": \"histogram\", \"listeners\": {}, \"params\": {\"scale\": \"linear\", \"yAxis\": {}, \"addTimeMarker\": false, \"addLegend\": true, \"shareYAxis\": true, \"mode\": \"stacked\", \"defaultYExtents\": false, \"setYExtents\": false, \"addTooltip\": true, \"times\": []}, \"aggs\": [{\"type\": \"count\", \"params\": {}, \"id\": \"1\", \"schema\": \"metric\"}, {\"type\": \"date_histogram\", \"params\": {\"customInterval\": \"30s\", \"field\": \"@timestamp\", \"interval\": \"custom\", \"min_doc_count\": 1, \"extended_bounds\": {}}, \"id\": \"2\", \"schema\": \"segment\"}, {\"type\": \"terms\", \"params\": {\"orderBy\": \"1\", \"field\": \"type\", \"order\": \"desc\", \"size\": 5}, \"id\": \"3\", \"schema\": \"group\"}], \"title\": \"New Visualization\"}"
            }, 
            "id": "Errors-count-over-time", 
            "type": "visualization", 
            "version": 1
        }, 
        {
            "attributes": {
                "description": "", 
                "kibanaSavedObjectMeta": {
                    "searchSourceJSON": "{\"filter\": []}"
                }, 
                "savedSearchId": "Packetbeat-Search", 
                "title": "Errors vs successful transactions", 
                "uiStateJSON": "{}", 
                "version": 1, 
                "visState": "{\"type\": \"histogram\", \"listeners\": {}, \"params\": {\"scale\": \"linear\", \"yAxis\": {}, \"addTimeMarker\": false, \"addLegend\": true, \"shareYAxis\": true, \"mode\": \"percentage\", \"defaultYExtents\": false, \"setYExtents\": false, \"addTooltip\": true, \"times\": []}, \"aggs\": [{\"type\": \"count\", \"params\": {}, \"id\": \"1\", \"schema\": \"metric\"}, {\"type\": \"date_histogram\", \"params\": {\"customInterval\": \"2h\", \"field\": \"@timestamp\", \"interval\": \"auto\", \"min_doc_count\": 1, \"extended_bounds\": {}}, \"id\": \"2\", \"schema\": \"segment\"}, {\"type\": \"terms\", \"params\": {\"orderBy\": \"1\", \"field\": \"status\", \"order\": \"desc\", \"size\": 5}, \"id\": \"3\", \"schema\": \"group\"}], \"title\": \"Errors vs successful transactions\"}"
            }, 
            "id": "Errors-vs-successful-transactions", 
            "type": "visualization", 
            "version": 1
        }, 
        {
            "attributes": {
                "description": "", 
                "kibanaSavedObjectMeta": {
                    "searchSourceJSON": "{\"filter\": []}"
                }, 
                "savedSearchId": "Packetbeat-Search", 
                "title": "Latency histogram", 
                "uiStateJSON": "{}", 
                "version": 1, 
                "visState": "{\"type\": \"area\", \"listeners\": {}, \"params\": {\"scale\": \"linear\", \"yAxis\": {}, \"smoothLines\": true, \"legendPosition\": \"right\", \"addTimeMarker\": false, \"interpolate\": \"linear\", \"addLegend\": true, \"shareYAxis\": true, \"mode\": \"stacked\", \"defaultYExtents\": false, \"setYExtents\": false, \"addTooltip\": true, \"times\": []}, \"aggs\": [{\"params\": {}, \"type\": \"count\", \"enabled\": true, \"id\": \"1\", \"schema\": \"metric\"}, {\"params\": {\"field\": \"responsetime\", \"interval\": 10, \"extended_bounds\": {}}, \"type\": \"histogram\", \"enabled\": true, \"id\": \"2\", \"schema\": \"segment\"}], \"title\": \"Latency histogram\"}"
            }, 
            "id": "Latency-histogram", 
            "type": "visualization", 
            "version": 1
        }, 
        {
            "attributes": {
                "description": "", 
                "kibanaSavedObjectMeta": {
                    "searchSourceJSON": "{\"filter\": [], \"index\": \"packetbeat-*\", \"query\": {\"query_string\": {\"analyze_wildcard\": true, \"query\": \"*\"}}}"
                }, 
                "title": "Client locations", 
                "uiStateJSON": "{\"mapCenter\": [0, -0.17578125]}", 
                "version": 1, 
                "visState": "{\"type\": \"tile_map\", \"listeners\": {}, \"params\": {\"mapCenter\": [15, 5], \"heatMaxZoom\": 16, \"wms\": {\"url\": \"https://basemap.nationalmap.gov/arcgis/services/USGSTopo/MapServer/WMSServer\", \"enabled\": false, \"options\": {\"layers\": \"0\", \"styles\": \"\", \"attribution\": \"Maps provided by USGS\", \"format\": \"image/png\", \"version\": \"1.3.0\", \"transparent\": true}}, \"heatBlur\": 15, \"heatRadius\": 25, \"heatMinOpacity\": 0.1, \"mapZoom\": 2, \"heatNormalizeData\": true, \"mapType\": \"Scaled Circle Markers\", \"isDesaturated\": true, \"addTooltip\": true}, \"aggs\": [{\"params\": {}, \"type\": \"count\", \"enabled\": true, \"id\": \"1\", \"schema\": \"metric\"}, {\"params\": {\"field\": \"client_geoip.location\", \"autoPrecision\": true}, \"type\": \"geohash_grid\", \"enabled\": true, \"id\": \"2\", \"schema\": \"segment\"}], \"title\": \"Client locations\"}"
            }, 
            "id": "Client-locations", 
            "type": "visualization", 
            "version": 1
        }, 
        {
            "attributes": {
                "description": "", 
                "kibanaSavedObjectMeta": {
                    "searchSourceJSON": "{\"filter\": []}"
                }, 
                "savedSearchId": "Packetbeat-Search", 
                "title": "Response times repartition", 
                "uiStateJSON": "{}", 
                "version": 1, 
                "visState": "{\"type\": \"histogram\", \"listeners\": {}, \"params\": {\"scale\": \"linear\", \"yAxis\": {}, \"addTimeMarker\": false, \"addLegend\": true, \"shareYAxis\": true, \"mode\": \"stacked\", \"defaultYExtents\": false, \"setYExtents\": false, \"addTooltip\": true, \"times\": []}, \"aggs\": [{\"type\": \"count\", \"params\": {}, \"id\": \"1\", \"schema\": \"metric\"}, {\"type\": \"date_histogram\", \"params\": {\"customInterval\": \"2h\", \"field\": \"@timestamp\", \"interval\": \"auto\", \"min_doc_count\": 1, \"extended_bounds\": {}}, \"id\": \"2\", \"schema\": \"segment\"}, {\"type\": \"histogram\", \"params\": {\"field\": \"responsetime\", \"interval\": 10, \"extended_bounds\": {}}, \"id\": \"3\", \"schema\": \"group\"}], \"title\": \"Response times repartition\"}"
            }, 
            "id": "Response-times-repartition", 
            "type": "visualization", 
            "version": 1
        }, 
        {
            "attributes": {
                "description": "", 
                "kibanaSavedObjectMeta": {
                    "searchSourceJSON": "{\"filter\": [], \"query\": {\"query\": {\"query_string\": {\"analyze_wildcard\": true, \"query\": \"*\"}}, \"language\": \"lucene\"}}"
                }, 
                "title": "Navigation", 
                "uiStateJSON": "{}", 
                "version": 1, 
                "visState": "{\"type\": \"markdown\", \"params\": {\"markdown\": \"### Packetbeat:\\n\\n[Overview](#/dashboard/Packetbeat-Dashboard)\\n\\n[Flows](#/dashboard/Packetbeat-Flows)\\n\\n[Web transactions](#/dashboard/Packetbeat-HTTP)\\n\\n[MySQL performance](#/dashboard/Packetbeat-MySQL-performance)\\n\\n[PostgreSQL performance](#/dashboard/Packetbeat-PgSQL-performance)\\n\\n[MongoDB performance](#/dashboard/Packetbeat-MongoDB-performance)\\n\\n[Thrift-RPC performance](#/dashboard/Packetbeat-Thrift-performance)\\n\\n[NFS transactions](#/dashboard/Packetbeat-NFS)\\n\\n[Cassandra performance](#/dashboard/Packetbeat-Cassandra)\", \"fontSize\": \"10\"}, \"aggs\": [], \"title\": \"Navigation\"}"
            }, 
            "id": "Navigation", 
            "type": "visualization", 
            "version": 10
        }, 
        {
            "attributes": {
                "columns": [
                    "_source"
                ], 
                "description": "", 
                "hits": 0, 
                "kibanaSavedObjectMeta": {
                    "searchSourceJSON": "{\"filter\": [{\"query\": {\"match\": {\"type\": {\"query\": \"http\", \"type\": \"phrase\"}}}, \"meta\": {\"index\": \"packetbeat-*\", \"value\": \"http\", \"disabled\": false, \"alias\": null, \"params\": {\"query\": \"http\", \"type\": \"phrase\"}, \"key\": \"type\", \"negate\": false, \"type\": \"phrase\"}, \"$state\": {\"store\": \"appState\"}}], \"index\": \"packetbeat-*\", \"version\": true, \"highlightAll\": true, \"query\": {\"query\": \"*\", \"language\": \"lucene\"}}"
                }, 
                "sort": [
                    "@timestamp", 
                    "desc"
                ], 
                "title": "Web Transactions [Packetbeat]", 
                "version": 1
            }, 
            "id": "71908f00-88ca-11e7-ad9c-db80de0bf8d3", 
            "type": "search", 
            "version": 2
        }, 
        {
            "attributes": {
                "columns": [
                    "_source"
                ], 
                "description": "", 
                "hits": 0, 
                "kibanaSavedObjectMeta": {
                    "searchSourceJSON": "{\"filter\": [{\"query\": {\"bool\": {\"minimum_should_match\": 1, \"should\": [{\"match_phrase\": {\"type\": \"mysql\"}}, {\"match_phrase\": {\"type\": \"postgresql\"}}]}}, \"meta\": {\"index\": \"packetbeat-*\", \"value\": \"mysql, postgresql\", \"disabled\": false, \"alias\": null, \"key\": \"type\", \"negate\": false, \"type\": \"phrases\"}, \"$state\": {\"store\": \"appState\"}}], \"index\": \"packetbeat-*\", \"version\": true, \"highlightAll\": true, \"query\": {\"query\": \"\", \"language\": \"lucene\"}}"
                }, 
                "sort": [
                    "@timestamp", 
                    "desc"
                ], 
                "title": "DB transactions", 
                "version": 1
            }, 
            "id": "800e2a00-88cb-11e7-ad9c-db80de0bf8d3", 
            "type": "search", 
            "version": 1
        }, 
        {
            "attributes": {
                "columns": [
                    "_source"
                ], 
                "description": "", 
                "hits": 0, 
                "kibanaSavedObjectMeta": {
                    "searchSourceJSON": "{\"filter\": [{\"query\": {\"bool\": {\"minimum_should_match\": 1, \"should\": [{\"match_phrase\": {\"type\": \"redis\"}}, {\"match_phrase\": {\"type\": \"memcache\"}}]}}, \"meta\": {\"index\": \"packetbeat-*\", \"value\": \"redis, memcache\", \"disabled\": false, \"alias\": null, \"key\": \"type\", \"negate\": false, \"type\": \"phrases\"}, \"$state\": {\"store\": \"appState\"}}], \"index\": \"packetbeat-*\", \"version\": true, \"highlightAll\": true, \"query\": {\"query\": \"\", \"language\": \"lucene\"}}"
                }, 
                "sort": [
                    "@timestamp", 
                    "desc"
                ], 
                "title": "Cache Transactions [Packetbeat]", 
                "version": 1
            }, 
            "id": "3dd366e0-88cc-11e7-ad9c-db80de0bf8d3", 
            "type": "search", 
            "version": 1
        }, 
        {
            "attributes": {
                "columns": [
                    "_source"
                ], 
                "description": "", 
                "hits": 0, 
                "kibanaSavedObjectMeta": {
                    "searchSourceJSON": "{\"filter\": [{\"query\": {\"match\": {\"type\": {\"query\": \"thrift\", \"type\": \"phrase\"}}}, \"meta\": {\"index\": \"packetbeat-*\", \"value\": \"thrift\", \"disabled\": false, \"alias\": null, \"params\": {\"query\": \"thrift\", \"type\": \"phrase\"}, \"key\": \"type\", \"negate\": false, \"type\": \"phrase\"}, \"$state\": {\"store\": \"appState\"}}], \"index\": \"packetbeat-*\", \"version\": true, \"highlightAll\": true, \"query\": {\"query\": \"\", \"language\": \"lucene\"}}"
                }, 
                "sort": [
                    "@timestamp", 
                    "desc"
                ], 
                "title": "RPC transactions", 
                "version": 1
            }, 
            "id": "d3089370-88cc-11e7-ad9c-db80de0bf8d3", 
            "type": "search", 
            "version": 1
        }, 
        {
            "attributes": {
                "columns": [
                    "client_ip", 
                    "client_port", 
                    "ip", 
                    "port", 
                    "type", 
                    "query", 
                    "method", 
                    "responsetime", 
                    "status"
                ], 
                "description": "", 
                "hits": 0, 
                "kibanaSavedObjectMeta": {
                    "searchSourceJSON": "{\"filter\": [], \"highlight\": {\"fields\": {\"*\": {}}, \"post_tags\": [\"@/kibana-highlighted-field@\"], \"pre_tags\": [\"@kibana-highlighted-field@\"], \"require_field_match\": false, \"fragment_size\": 2147483647}, \"query\": {\"query_string\": {\"analyze_wildcard\": true, \"query\": \"NOT type: flow\"}}, \"index\": \"packetbeat-*\"}"
                }, 
                "sort": [
                    "@timestamp", 
                    "desc"
                ], 
                "title": "Packetbeat Search", 
                "version": 1
            }, 
            "id": "Packetbeat-Search", 
            "type": "search", 
            "version": 1
        }, 
        {
            "attributes": {
                "columns": [
                    "client_ip", 
                    "client_port", 
                    "ip", 
                    "port", 
                    "type", 
                    "query", 
                    "method", 
                    "responsetime", 
                    "status"
                ], 
                "description": "", 
                "hits": 0, 
                "kibanaSavedObjectMeta": {
                    "searchSourceJSON": "{\"filter\": [], \"highlight\": {\"fields\": {\"*\": {}}, \"post_tags\": [\"@/kibana-highlighted-field@\"], \"pre_tags\": [\"@kibana-highlighted-field@\"], \"require_field_match\": false, \"fragment_size\": 2147483647}, \"query\": {\"query_string\": {\"analyze_wildcard\": true, \"query\": \"!type: flow AND !status: OK\"}}, \"index\": \"packetbeat-*\"}"
                }, 
                "sort": [
                    "@timestamp", 
                    "desc"
                ], 
                "title": "Transactions errors", 
                "version": 1
            }, 
            "id": "Transactions-errors", 
            "type": "search", 
            "version": 1
        }, 
        {
            "attributes": {
                "description": "Packetbeat overview dashboard", 
                "hits": 0, 
                "kibanaSavedObjectMeta": {
                    "searchSourceJSON": "{\"filter\": [], \"query\": {\"query\": {\"query_string\": {\"analyze_wildcard\": true, \"query\": \"*\"}}, \"language\": \"lucene\"}, \"version\": true, \"highlightAll\": true}"
                }, 
                "optionsJSON": "{\"darkTheme\": false}", 
                "panelsJSON": "[{\"type\": \"visualization\", \"id\": \"Web-transactions\", \"size_x\": 3, \"size_y\": 2, \"panelIndex\": 1, \"col\": 1, \"row\": 5}, {\"type\": \"visualization\", \"id\": \"DB-transactions\", \"size_x\": 3, \"size_y\": 2, \"panelIndex\": 2, \"col\": 4, \"row\": 5}, {\"type\": \"visualization\", \"id\": \"Cache-transactions\", \"size_x\": 3, \"size_y\": 2, \"panelIndex\": 3, \"col\": 7, \"row\": 5}, {\"type\": \"visualization\", \"id\": \"RPC-transactions\", \"size_x\": 3, \"size_y\": 2, \"panelIndex\": 4, \"col\": 10, \"row\": 5}, {\"type\": \"visualization\", \"id\": \"Response-times-percentiles\", \"size_x\": 6, \"size_y\": 3, \"panelIndex\": 5, \"col\": 1, \"row\": 10}, {\"type\": \"visualization\", \"id\": \"Errors-count-over-time\", \"size_x\": 6, \"size_y\": 3, \"panelIndex\": 6, \"col\": 1, \"row\": 13}, {\"type\": \"visualization\", \"id\": \"Errors-vs-successful-transactions\", \"size_x\": 6, \"size_y\": 3, \"panelIndex\": 7, \"col\": 7, \"row\": 10}, {\"type\": \"visualization\", \"id\": \"Latency-histogram\", \"size_x\": 6, \"size_y\": 3, \"panelIndex\": 8, \"col\": 7, \"row\": 13}, {\"type\": \"visualization\", \"id\": \"Client-locations\", \"size_x\": 9, \"size_y\": 4, \"panelIndex\": 9, \"col\": 4, \"row\": 1}, {\"type\": \"visualization\", \"id\": \"Response-times-repartition\", \"size_x\": 12, \"size_y\": 3, \"panelIndex\": 10, \"col\": 1, \"row\": 7}, {\"type\": \"visualization\", \"id\": \"Navigation\", \"size_x\": 3, \"size_y\": 4, \"panelIndex\": 11, \"col\": 1, \"row\": 1}]", 
                "timeRestore": false, 
                "title": "[Packetbeat] Overview", 
                "uiStateJSON": "{\"P-9\": {\"mapCollar\": {\"zoom\": 2, \"bottom_right\": {\"lat\": -90, \"lon\": 180}, \"top_left\": {\"lat\": 90, \"lon\": -180}}, \"mapZoom\": 2, \"mapBounds\": {\"bottom_right\": {\"lat\": -54.97761367069625, \"lon\": 153.984375}, \"top_left\": {\"lat\": 54.97761367069628, \"lon\": -153.984375}}}}", 
                "version": 1
            }, 
            "id": "Packetbeat-Dashboard", 
            "type": "dashboard", 
            "version": 2
        }
    ], 
    "version": "6.0.0-beta1-SNAPSHOT"
}