{
    "objects": [
        {
            "attributes": {
                "description": "", 
                "kibanaSavedObjectMeta": {
                    "searchSourceJSON": "{\"filter\": [], \"query\": {\"query\": {\"query_string\": {\"analyze_wildcard\": true, \"query\": \"*\"}}, \"language\": \"lucene\"}}"
                }, 
                "title": "Navigation", 
                "uiStateJSON": "{}", 
                "version": 1, 
                "visState": "{\"type\": \"markdown\", \"params\": {\"markdown\": \"### Packetbeat:\\n\\n[Overview](#/dashboard/Packetbeat-Dashboard)\\n\\n[Flows](#/dashboard/Packetbeat-Flows)\\n\\n[Web transactions](#/dashboard/Packetbeat-HTTP)\\n\\n[MySQL performance](#/dashboard/Packetbeat-MySQL-performance)\\n\\n[PostgreSQL performance](#/dashboard/Packetbeat-PgSQL-performance)\\n\\n[MongoDB performance](#/dashboard/Packetbeat-MongoDB-performance)\\n\\n[Thrift-RPC performance](#/dashboard/Packetbeat-Thrift-performance)\\n\\n[NFS transactions](#/dashboard/Packetbeat-NFS)\\n\\n[Cassandra performance](#/dashboard/Packetbeat-Cassandra)\", \"fontSize\": \"10\"}, \"aggs\": [], \"title\": \"Navigation\"}"
            }, 
            "id": "Navigation", 
            "type": "visualization", 
            "version": 10
        }, 
        {
            "attributes": {
                "description": "", 
                "kibanaSavedObjectMeta": {
                    "searchSourceJSON": "{\"filter\": []}"
                }, 
                "savedSearchId": "PgSQL-errors", 
                "title": "PgSQL Errors", 
                "uiStateJSON": "{}", 
                "version": 1, 
                "visState": "{\"type\": \"area\", \"listeners\": {}, \"params\": {\"scale\": \"linear\", \"yAxis\": {}, \"smoothLines\": false, \"addTimeMarker\": false, \"interpolate\": \"linear\", \"addLegend\": false, \"shareYAxis\": true, \"mode\": \"stacked\", \"defaultYExtents\": false, \"setYExtents\": false, \"addTooltip\": true, \"times\": []}, \"aggs\": [{\"type\": \"count\", \"params\": {}, \"id\": \"1\", \"schema\": \"metric\"}, {\"type\": \"date_histogram\", \"params\": {\"customInterval\": \"2h\", \"field\": \"@timestamp\", \"interval\": \"auto\", \"min_doc_count\": 1, \"extended_bounds\": {}}, \"id\": \"2\", \"schema\": \"segment\"}], \"title\": \"PgSQL Errors\"}"
            }, 
            "id": "PgSQL-Errors", 
            "type": "visualization", 
            "version": 1
        }, 
        {
            "attributes": {
                "description": "", 
                "kibanaSavedObjectMeta": {
                    "searchSourceJSON": "{\"filter\": []}"
                }, 
                "savedSearchId": "PgSQL-transactions", 
                "title": "PgSQL Methods", 
                "uiStateJSON": "{}", 
                "version": 1, 
                "visState": "{\"type\": \"area\", \"listeners\": {}, \"params\": {\"scale\": \"linear\", \"yAxis\": {}, \"smoothLines\": false, \"addTimeMarker\": false, \"interpolate\": \"linear\", \"addLegend\": true, \"shareYAxis\": true, \"mode\": \"wiggle\", \"defaultYExtents\": false, \"setYExtents\": false, \"addTooltip\": true, \"times\": []}, \"aggs\": [{\"type\": \"count\", \"params\": {}, \"id\": \"1\", \"schema\": \"metric\"}, {\"type\": \"date_histogram\", \"params\": {\"customInterval\": \"2h\", \"field\": \"@timestamp\", \"interval\": \"auto\", \"min_doc_count\": 1, \"extended_bounds\": {}}, \"id\": \"2\", \"schema\": \"segment\"}, {\"type\": \"terms\", \"params\": {\"orderBy\": \"1\", \"field\": \"method\", \"order\": \"desc\", \"size\": 5}, \"id\": \"3\", \"schema\": \"group\"}], \"title\": \"PgSQL Methods\"}"
            }, 
            "id": "PgSQL-Methods", 
            "type": "visualization", 
            "version": 1
        }, 
        {
            "attributes": {
                "description": "", 
                "kibanaSavedObjectMeta": {
                    "searchSourceJSON": "{\"filter\": []}"
                }, 
                "savedSearchId": "PgSQL-transactions", 
                "title": "PgSQL response times percentiles", 
                "version": 1, 
                "visState": "{\"type\": \"line\", \"listeners\": {}, \"params\": {\"defaultYExtents\": false, \"shareYAxis\": true, \"addTooltip\": true, \"addLegend\": true}, \"aggs\": [{\"type\": \"percentiles\", \"params\": {\"field\": \"responsetime\", \"percents\": [75, 99, 99.5]}, \"id\": \"1\", \"schema\": \"metric\"}, {\"type\": \"date_histogram\", \"params\": {\"field\": \"@timestamp\", \"interval\": \"auto\", \"min_doc_count\": 1, \"extended_bounds\": {}}, \"id\": \"2\", \"schema\": \"segment\"}]}"
            }, 
            "id": "PgSQL-response-times-percentiles", 
            "type": "visualization", 
            "version": 1
        }, 
        {
            "attributes": {
                "description": "", 
                "kibanaSavedObjectMeta": {
                    "searchSourceJSON": "{\"filter\": []}"
                }, 
                "savedSearchId": "PgSQL-transactions", 
                "title": "PgSQL throughput", 
                "version": 1, 
                "visState": "{\"type\": \"line\", \"listeners\": {}, \"params\": {\"defaultYExtents\": false, \"shareYAxis\": true, \"addTooltip\": true, \"addLegend\": true}, \"aggs\": [{\"type\": \"sum\", \"params\": {\"field\": \"bytes_out\"}, \"id\": \"1\", \"schema\": \"metric\"}, {\"type\": \"sum\", \"params\": {\"field\": \"bytes_in\"}, \"id\": \"2\", \"schema\": \"metric\"}, {\"type\": \"date_histogram\", \"params\": {\"field\": \"@timestamp\", \"interval\": \"auto\", \"min_doc_count\": 1, \"extended_bounds\": {}}, \"id\": \"3\", \"schema\": \"segment\"}]}"
            }, 
            "id": "PgSQL-throughput", 
            "type": "visualization", 
            "version": 1
        }, 
        {
            "attributes": {
                "description": "", 
                "kibanaSavedObjectMeta": {
                    "searchSourceJSON": "{\"filter\": []}"
                }, 
                "savedSearchId": "PgSQL-transactions", 
                "title": "PgSQL Reads vs Writes", 
                "uiStateJSON": "{}", 
                "version": 1, 
                "visState": "{\"type\": \"area\", \"params\": {\"scale\": \"linear\", \"seriesParams\": [{\"showCircles\": true, \"show\": \"true\", \"type\": \"area\", \"interpolate\": \"linear\", \"mode\": \"stacked\", \"drawLinesBetweenPoints\": true, \"valueAxis\": \"ValueAxis-1\", \"data\": {\"id\": \"1\", \"label\": \"Count\"}}], \"yAxis\": {}, \"smoothLines\": false, \"categoryAxes\": [{\"style\": {}, \"scale\": {\"type\": \"linear\"}, \"show\": true, \"title\": {\"text\": \"@timestamp per 30 seconds\"}, \"labels\": {\"truncate\": 100, \"show\": true}, \"position\": \"bottom\", \"type\": \"category\", \"id\": \"CategoryAxis-1\"}], \"legendPosition\": \"right\", \"addTimeMarker\": false, \"interpolate\": \"linear\", \"addLegend\": true, \"shareYAxis\": true, \"grid\": {\"style\": {\"color\": \"#eee\"}, \"categoryLines\": false}, \"mode\": \"stacked\", \"type\": \"area\", \"defaultYExtents\": false, \"setYExtents\": false, \"addTooltip\": true, \"valueAxes\": [{\"style\": {}, \"scale\": {\"type\": \"linear\", \"mode\": \"normal\"}, \"name\": \"LeftAxis-1\", \"show\": true, \"title\": {\"text\": \"Count\"}, \"labels\": {\"filter\": false, \"rotate\": 0, \"truncate\": 100, \"show\": true}, \"position\": \"left\", \"type\": \"value\", \"id\": \"ValueAxis-1\"}], \"times\": []}, \"aggs\": [{\"params\": {}, \"type\": \"count\", \"enabled\": true, \"id\": \"1\", \"schema\": \"metric\"}, {\"params\": {\"customInterval\": \"2h\", \"field\": \"@timestamp\", \"interval\": \"auto\", \"min_doc_count\": 1, \"extended_bounds\": {}}, \"type\": \"date_histogram\", \"enabled\": true, \"id\": \"2\", \"schema\": \"segment\"}, {\"params\": {\"filters\": [{\"input\": {\"query\": {\"query_string\": {\"analyze_wildcard\": true, \"query\": \"method: SELECT\"}}}}, {\"input\": {\"query\": \"method: INSERT OR method: UPDATE OR method: DELETE\"}}]}, \"type\": \"filters\", \"enabled\": true, \"id\": \"3\", \"schema\": \"group\"}], \"title\": \"PgSQL Reads vs Writes\"}"
            }, 
            "id": "PgSQL-Reads-vs-Writes", 
            "type": "visualization", 
            "version": 2
        }, 
        {
            "attributes": {
                "description": "", 
                "kibanaSavedObjectMeta": {
                    "searchSourceJSON": "{\"filter\": []}"
                }, 
                "savedSearchId": "PgSQL-transactions", 
                "title": "Most frequent PgSQL queries", 
                "uiStateJSON": "{}", 
                "version": 1, 
                "visState": "{\"type\": \"table\", \"listeners\": {}, \"params\": {\"perPage\": 10, \"showPartialRows\": false, \"showMeticsAtAllLevels\": false}, \"aggs\": [{\"type\": \"count\", \"params\": {}, \"id\": \"1\", \"schema\": \"metric\"}, {\"type\": \"terms\", \"params\": {\"orderBy\": \"1\", \"field\": \"query\", \"order\": \"desc\", \"size\": 10}, \"id\": \"2\", \"schema\": \"bucket\"}], \"title\": \"Most frequent PgSQL queries\"}"
            }, 
            "id": "Most-frequent-PgSQL-queries", 
            "type": "visualization", 
            "version": 1
        }, 
        {
            "attributes": {
                "description": "", 
                "kibanaSavedObjectMeta": {
                    "searchSourceJSON": "{\"filter\": []}"
                }, 
                "savedSearchId": "PgSQL-transactions", 
                "title": "Slowest PgSQL queries", 
                "version": 1, 
                "visState": "{\"type\": \"table\", \"listeners\": {}, \"params\": {\"perPage\": 10, \"showPartialRows\": false, \"showMeticsAtAllLevels\": false}, \"aggs\": [{\"type\": \"avg\", \"params\": {\"field\": \"responsetime\"}, \"id\": \"1\", \"schema\": \"metric\"}, {\"type\": \"terms\", \"params\": {\"orderBy\": \"1\", \"field\": \"query\", \"order\": \"desc\", \"size\": 10}, \"id\": \"2\", \"schema\": \"bucket\"}]}"
            }, 
            "id": "Slowest-PgSQL-queries", 
            "type": "visualization", 
            "version": 1
        }, 
        {
            "attributes": {
                "columns": [
                    "method", 
                    "type", 
                    "path", 
                    "responsetime", 
                    "status"
                ], 
                "description": "", 
                "hits": 0, 
                "kibanaSavedObjectMeta": {
                    "searchSourceJSON": "{\"filter\": [{\"query\": {\"match\": {\"type\": {\"query\": \"pgsql\", \"type\": \"phrase\"}}}, \"meta\": {\"disabled\": false, \"index\": \"packetbeat-*\", \"negate\": false, \"value\": \"pgsql\", \"key\": \"type\"}}, {\"query\": {\"match\": {\"status\": {\"query\": \"OK\", \"type\": \"phrase\"}}}, \"meta\": {\"disabled\": false, \"index\": \"packetbeat-*\", \"negate\": true, \"value\": \"OK\", \"key\": \"status\"}}], \"highlight\": {\"fields\": {\"*\": {}}, \"pre_tags\": [\"@kibana-highlighted-field@\"], \"post_tags\": [\"@/kibana-highlighted-field@\"]}, \"query\": {\"query_string\": {\"analyze_wildcard\": true, \"query\": \"*\"}}, \"index\": \"packetbeat-*\"}"
                }, 
                "sort": [
                    "@timestamp", 
                    "desc"
                ], 
                "title": "PgSQL errors", 
                "version": 1
            }, 
            "id": "PgSQL-errors", 
            "type": "search", 
            "version": 1
        }, 
        {
            "attributes": {
                "columns": [
                    "method", 
                    "type", 
                    "path", 
                    "responsetime", 
                    "status"
                ], 
                "description": "", 
                "hits": 0, 
                "kibanaSavedObjectMeta": {
                    "searchSourceJSON": "{\"filter\": [{\"query\": {\"match\": {\"type\": {\"query\": \"pgsql\", \"type\": \"phrase\"}}}, \"meta\": {\"disabled\": false, \"index\": \"packetbeat-*\", \"negate\": false, \"value\": \"pgsql\", \"key\": \"type\"}}], \"highlight\": {\"fields\": {\"*\": {}}, \"pre_tags\": [\"@kibana-highlighted-field@\"], \"post_tags\": [\"@/kibana-highlighted-field@\"]}, \"query\": {\"query_string\": {\"analyze_wildcard\": true, \"query\": \"*\"}}, \"index\": \"packetbeat-*\"}"
                }, 
                "sort": [
                    "@timestamp", 
                    "desc"
                ], 
                "title": "PgSQL transactions", 
                "version": 1
            }, 
            "id": "PgSQL-transactions", 
            "type": "search", 
            "version": 1
        }, 
        {
            "attributes": {
                "description": "", 
                "hits": 0, 
                "kibanaSavedObjectMeta": {
                    "searchSourceJSON": "{\"filter\": [], \"query\": {\"query\": {\"query_string\": {\"analyze_wildcard\": true, \"query\": \"*\"}}, \"language\": \"lucene\"}, \"version\": true, \"highlightAll\": true}"
                }, 
                "optionsJSON": "{\"darkTheme\": false}", 
                "panelsJSON": "[{\"type\": \"visualization\", \"id\": \"Navigation\", \"size_x\": 3, \"size_y\": 4, \"panelIndex\": 1, \"col\": 1, \"row\": 1}, {\"type\": \"visualization\", \"id\": \"PgSQL-Errors\", \"size_x\": 5, \"size_y\": 4, \"panelIndex\": 2, \"col\": 4, \"row\": 1}, {\"type\": \"visualization\", \"id\": \"PgSQL-Methods\", \"size_x\": 4, \"size_y\": 4, \"panelIndex\": 3, \"col\": 9, \"row\": 1}, {\"type\": \"visualization\", \"id\": \"PgSQL-response-times-percentiles\", \"size_x\": 12, \"size_y\": 3, \"panelIndex\": 4, \"col\": 1, \"row\": 5}, {\"type\": \"visualization\", \"id\": \"PgSQL-throughput\", \"size_x\": 6, \"size_y\": 3, \"panelIndex\": 5, \"col\": 7, \"row\": 8}, {\"type\": \"visualization\", \"id\": \"PgSQL-Reads-vs-Writes\", \"size_x\": 6, \"size_y\": 3, \"panelIndex\": 6, \"col\": 1, \"row\": 8}, {\"type\": \"visualization\", \"id\": \"Most-frequent-PgSQL-queries\", \"size_x\": 6, \"size_y\": 6, \"panelIndex\": 7, \"col\": 1, \"row\": 11}, {\"type\": \"visualization\", \"id\": \"Slowest-PgSQL-queries\", \"size_x\": 6, \"size_y\": 6, \"panelIndex\": 8, \"col\": 7, \"row\": 11}]", 
                "timeRestore": false, 
                "title": "[Packetbeat] PgSQL performance", 
                "uiStateJSON": "{\"P-7\": {\"vis\": {\"params\": {\"sort\": {\"columnIndex\": null, \"direction\": null}}}}, \"P-8\": {\"vis\": {\"params\": {\"sort\": {\"columnIndex\": null, \"direction\": null}}}}}", 
                "version": 1
            }, 
            "id": "Packetbeat-PgSQL-performance", 
            "type": "dashboard", 
            "version": 2
        }
    ], 
    "version": "6.0.0-beta1-SNAPSHOT"
}