{
  "visState": "{\"title\":\"Most changed file by count [Auditbeat File Integrity]\",\"type\":\"metric\",\"params\":{\"addTooltip\":true,\"addLegend\":false,\"type\":\"gauge\",\"gauge\":{\"verticalSplit\":false,\"autoExtend\":false,\"percentageMode\":false,\"gaugeType\":\"Metric\",\"gaugeStyle\":\"Full\",\"backStyle\":\"Full\",\"orientation\":\"vertical\",\"colorSchema\":\"Green to Red\",\"gaugeColorMode\":\"None\",\"useRange\":false,\"colorsRange\":[{\"from\":0,\"to\":100}],\"invertColors\":false,\"labels\":{\"show\":true,\"color\":\"black\"},\"scale\":{\"show\":false,\"labels\":false,\"color\":\"#333\",\"width\":2},\"type\":\"simple\",\"style\":{\"fontSize\":\"20\",\"bgFill\":\"#000\",\"bgColor\":false,\"labelColor\":false,\"subText\":\"\"}}},\"aggs\":[{\"id\":\"1\",\"enabled\":true,\"type\":\"count\",\"schema\":\"metric\",\"params\":{\"customLabel\":\"Most changed file by count\"}},{\"id\":\"2\",\"enabled\":true,\"type\":\"terms\",\"schema\":\"group\",\"params\":{\"field\":\"file.path.raw\",\"size\":1,\"order\":\"desc\",\"orderBy\":\"1\",\"customLabel\":\"File\"}}],\"listeners\":{}}", 
  "description": "", 
  "title": "Most changed file by count [Auditbeat File Integrity]", 
  "uiStateJSON": "{\"vis\":{\"defaultColors\":{\"0 - 100\":\"rgb(0,104,55)\"}}}", 
  "version": 1, 
  "savedSearchId": "a380a060-cb44-11e7-9835-2f31fe08873b", 
  "kibanaSavedObjectMeta": {
    "searchSourceJSON": "{\"filter\":[{\"meta\":{\"index\":\"auditbeat-*\",\"negate\":false,\"disabled\":false,\"alias\":null,\"type\":\"phrase\",\"key\":\"file.type\",\"value\":\"file\"},\"query\":{\"match\":{\"file.type\":{\"query\":\"file\",\"type\":\"phrase\"}}},\"$state\":{\"store\":\"appState\"}}]}"
  }
}