{
    "objects": [
        {
            "attributes": {
                "description": "", 
                "kibanaSavedObjectMeta": {
                    "searchSourceJSON": "{}"
                }, 
                "title": "Overview [Metricbeat uWSGI]", 
                "uiStateJSON": "{}", 
                "version": 1, 
                "visState": "{\"type\": \"timelion\", \"params\": {\"interval\": \"15s\", \"expression\": \".es(metric=avg:uwsgi.status.total.requests).derivative().label('Requests').title('Overview of requests per period'),\\n.es(metric=avg:uwsgi.status.total.exceptions).derivative().label('Exceptions'),\\n.es(metric=max:uwsgi.status.worker.avg_rt).label('Average response time').yaxis(2)\"}, \"title\": \"Overview [Metricbeat uWSGI]\"}"
            }, 
            "id": "a5058e70-f0ae-11e7-b9ff-9f96241065de", 
            "type": "visualization", 
            "version": 1
        }, 
        {
            "attributes": {
                "description": "", 
                "kibanaSavedObjectMeta": {
                    "searchSourceJSON": "{}"
                }, 
                "title": "Memory usage [Metricbeat uWSGI]", 
                "uiStateJSON": "{}", 
                "version": 1, 
                "visState": "{\"type\": \"timelion\", \"params\": {\"interval\": \"15s\", \"expression\": \".es(metric=max:uwsgi.status.worker.rss).label('Currently used (rss)').title('Memory usage'),\\n.es(metric=max:uwsgi.status.worker.vsz).label('Assigned (vsz)').yaxis(2)\"}, \"title\": \"Memory usage [Metricbeat uWSGI]\"}"
            }, 
            "id": "ac7194b0-f0ae-11e7-b9ff-9f96241065de", 
            "type": "visualization", 
            "version": 1
        }, 
        {
            "attributes": {
                "description": "", 
                "kibanaSavedObjectMeta": {
                    "searchSourceJSON": "{}"
                }, 
                "title": "Workers [Metricbeat uWSGI]", 
                "uiStateJSON": "{}", 
                "version": 1, 
                "visState": "{\"type\": \"timelion\", \"params\": {\"interval\": \"15s\", \"expression\": \".es(split=uwsgi.status.core.id:16,metric=max:uwsgi.status.core.requests.total).derivative().bars().title('Requests handled by each thread (core) per period')\"}, \"title\": \"Workers [Metricbeat uWSGI]\"}"
            }, 
            "id": "8c5f96e0-f0ae-11e7-b9ff-9f96241065de", 
            "type": "visualization", 
            "version": 1
        }, 
        {
            "attributes": {
                "description": "", 
                "kibanaSavedObjectMeta": {
                    "searchSourceJSON": "{}"
                }, 
                "title": "Errors [Metricbeat uWSGI]", 
                "uiStateJSON": "{}", 
                "version": 1, 
                "visState": "{\"type\": \"timelion\", \"params\": {\"interval\": \"15s\", \"expression\": \".es(metric=max:uwsgi.status.total.read_errors).label('Read errors').title('Errors'),\\n.es(metric=max:uwsgi.status.total.write_errors).label('Write errors'),\\n.es(metric=max:uwsgi.status.worker.harakiri_count).label('Timeouted requests')\"}, \"title\": \"Errors [Metricbeat uWSGI]\"}"
            }, 
            "id": "ba4a80b0-f0ae-11e7-b9ff-9f96241065de", 
            "type": "visualization", 
            "version": 1
        }, 
        {
            "attributes": {
                "columns": [
                    "_source"
                ], 
                "description": "", 
                "hits": 0, 
                "kibanaSavedObjectMeta": {
                    "searchSourceJSON": "{\"filter\": [], \"index\": \"metricbeat-*\", \"version\": true, \"highlightAll\": true, \"query\": {\"query\": \"metricset.module: uwsgi\", \"language\": \"lucene\"}}"
                }, 
                "sort": [
                    "@timestamp", 
                    "desc"
                ], 
                "title": "Metricbeat uWSGI status", 
                "version": 1
            }, 
            "id": "Metricbeat uWSGI status", 
            "type": "search", 
            "version": 1
        }, 
        {
            "attributes": {
                "description": "Overview of uWSGI service metrics", 
                "hits": 0, 
                "kibanaSavedObjectMeta": {
                    "searchSourceJSON": "{\"filter\": [], \"query\": {\"query\": \"\", \"language\": \"lucene\"}, \"version\": true, \"highlightAll\": true}"
                }, 
                "optionsJSON": "{\"darkTheme\": false}", 
                "panelsJSON": "[{\"type\": \"visualization\", \"id\": \"a5058e70-f0ae-11e7-b9ff-9f96241065de\", \"size_x\": 6, \"size_y\": 3, \"panelIndex\": 1, \"col\": 1, \"row\": 1}, {\"type\": \"visualization\", \"id\": \"ac7194b0-f0ae-11e7-b9ff-9f96241065de\", \"size_x\": 6, \"size_y\": 3, \"panelIndex\": 2, \"col\": 7, \"row\": 1}, {\"type\": \"visualization\", \"id\": \"8c5f96e0-f0ae-11e7-b9ff-9f96241065de\", \"size_x\": 6, \"size_y\": 3, \"panelIndex\": 3, \"col\": 1, \"row\": 4}, {\"type\": \"visualization\", \"id\": \"ba4a80b0-f0ae-11e7-b9ff-9f96241065de\", \"size_x\": 6, \"size_y\": 3, \"panelIndex\": 4, \"col\": 7, \"row\": 4}]", 
                "timeRestore": false, 
                "title": "[Metricbeat uWSGI] Overview", 
                "uiStateJSON": "{}", 
                "version": 1
            }, 
            "id": "32fca290-f0af-11e7-b9ff-9f96241065de", 
            "type": "dashboard", 
            "version": 1
        }
    ], 
    "version": "6.0.0-rc1"
}